Scenario,Fraud Cost,Review Cost,Threshold,Total Cost,Alerts,Fraud Captured,Missed Fraud,False Alarms,Precision,Recall
Conservative,10000,100,0.001,85800,308,50,6,258,0.16233766233766234,0.8928571428571429
Conservative,10000,100,0.002,76200,212,50,6,162,0.2358490566037736,0.8928571428571429
Conservative,10000,100,0.003,82200,171,49,7,122,0.28654970760233917,0.875
Conservative,10000,100,0.004,79300,142,49,7,93,0.34507042253521125,0.875
Conservative,10000,100,0.005,77600,125,49,7,76,0.392,0.875
Conservative,10000,100,0.006,77200,121,49,7,72,0.4049586776859504,0.875
Conservative,10000,100,0.007,76000,109,49,7,60,0.44954128440366975,0.875
Conservative,10000,100,0.008,75200,101,49,7,52,0.48514851485148514,0.875
Conservative,10000,100,0.009000000000000001,74800,97,49,7,48,0.5051546391752577,0.875
Conservative,10000,100,0.01,74400,93,49,7,44,0.5268817204301075,0.875
Conservative,10000,100,0.011,74100,90,49,7,41,0.5444444444444444,0.875
Conservative,10000,100,0.012,73600,85,49,7,36,0.5764705882352941,0.875
Conservative,10000,100,0.013000000000000001,73600,85,49,7,36,0.5764705882352941,0.875
Conservative,10000,100,0.014,73500,84,49,7,35,0.5833333333333334,0.875
Conservative,10000,100,0.015,73300,82,49,7,33,0.5975609756097561,0.875
Conservative,10000,100,0.016,73100,80,49,7,31,0.6125,0.875
Conservative,10000,100,0.017,73000,79,49,7,30,0.620253164556962,0.875
Conservative,10000,100,0.018000000000000002,72800,77,49,7,28,0.6363636363636364,0.875
Conservative,10000,100,0.019,72600,75,49,7,26,0.6533333333333333,0.875
Conservative,10000,100,0.02,82400,72,48,8,24,0.6666666666666666,0.8571428571428571
Conservative,10000,100,0.021,82400,72,48,8,24,0.6666666666666666,0.8571428571428571
Conservative,10000,100,0.022,82300,71,48,8,23,0.676056338028169,0.8571428571428571
Conservative,10000,100,0.023,82300,71,48,8,23,0.676056338028169,0.8571428571428571
Conservative,10000,100,0.024,82200,70,48,8,22,0.6857142857142857,0.8571428571428571
Conservative,10000,100,0.025,82100,69,48,8,21,0.6956521739130435,0.8571428571428571
Conservative,10000,100,0.026000000000000002,82000,68,48,8,20,0.7058823529411765,0.8571428571428571
Conservative,10000,100,0.027,81900,67,48,8,19,0.7164179104477612,0.8571428571428571
Conservative,10000,100,0.028,81900,67,48,8,19,0.7164179104477612,0.8571428571428571
Conservative,10000,100,0.029,81900,67,48,8,19,0.7164179104477612,0.8571428571428571
Conservative,10000,100,0.03,81900,67,48,8,19,0.7164179104477612,0.8571428571428571
Conservative,10000,100,0.031,91800,65,47,9,18,0.7230769230769231,0.8392857142857143
Conservative,10000,100,0.032,91700,64,47,9,17,0.734375,0.8392857142857143
Conservative,10000,100,0.033,91700,64,47,9,17,0.734375,0.8392857142857143
Conservative,10000,100,0.034,91600,63,47,9,16,0.746031746031746,0.8392857142857143
Conservative,10000,100,0.035,91400,61,47,9,14,0.7704918032786885,0.8392857142857143
Conservative,10000,100,0.036000000000000004,101400,60,46,10,14,0.7666666666666667,0.8214285714285714
Conservative,10000,100,0.037,101400,60,46,10,14,0.7666666666666667,0.8214285714285714
Conservative,10000,100,0.038,101400,60,46,10,14,0.7666666666666667,0.8214285714285714
Conservative,10000,100,0.039,101400,60,46,10,14,0.7666666666666667,0.8214285714285714
Conservative,10000,100,0.04,101400,60,46,10,14,0.7666666666666667,0.8214285714285714
Conservative,10000,100,0.041,101400,60,46,10,14,0.7666666666666667,0.8214285714285714
Conservative,10000,100,0.042,101400,60,46,10,14,0.7666666666666667,0.8214285714285714
Conservative,10000,100,0.043000000000000003,101300,59,46,10,13,0.7796610169491526,0.8214285714285714
Conservative,10000,100,0.044,101300,59,46,10,13,0.7796610169491526,0.8214285714285714
Conservative,10000,100,0.045,101300,59,46,10,13,0.7796610169491526,0.8214285714285714
Conservative,10000,100,0.046,101300,59,46,10,13,0.7796610169491526,0.8214285714285714
Conservative,10000,100,0.047,101300,59,46,10,13,0.7796610169491526,0.8214285714285714
Conservative,10000,100,0.048,101300,59,46,10,13,0.7796610169491526,0.8214285714285714
Conservative,10000,100,0.049,101300,59,46,10,13,0.7796610169491526,0.8214285714285714
Conservative,10000,100,0.05,101300,59,46,10,13,0.7796610169491526,0.8214285714285714
Conservative,10000,100,0.051000000000000004,101300,59,46,10,13,0.7796610169491526,0.8214285714285714
Conservative,10000,100,0.052000000000000005,101300,59,46,10,13,0.7796610169491526,0.8214285714285714
Conservative,10000,100,0.053,101200,58,46,10,12,0.7931034482758621,0.8214285714285714
Conservative,10000,100,0.054,101200,58,46,10,12,0.7931034482758621,0.8214285714285714
Conservative,10000,100,0.055,101200,58,46,10,12,0.7931034482758621,0.8214285714285714
Conservative,10000,100,0.056,101200,58,46,10,12,0.7931034482758621,0.8214285714285714
Conservative,10000,100,0.057,101200,58,46,10,12,0.7931034482758621,0.8214285714285714
Conservative,10000,100,0.058,101200,58,46,10,12,0.7931034482758621,0.8214285714285714
Conservative,10000,100,0.059000000000000004,101200,58,46,10,12,0.7931034482758621,0.8214285714285714
Conservative,10000,100,0.06,101200,58,46,10,12,0.7931034482758621,0.8214285714285714
Conservative,10000,100,0.061,101200,58,46,10,12,0.7931034482758621,0.8214285714285714
Conservative,10000,100,0.062,101200,58,46,10,12,0.7931034482758621,0.8214285714285714
Conservative,10000,100,0.063,101200,58,46,10,12,0.7931034482758621,0.8214285714285714
Conservative,10000,100,0.064,101200,58,46,10,12,0.7931034482758621,0.8214285714285714
Conservative,10000,100,0.065,101200,58,46,10,12,0.7931034482758621,0.8214285714285714
Conservative,10000,100,0.066,101100,57,46,10,11,0.8070175438596491,0.8214285714285714
Conservative,10000,100,0.067,101000,56,46,10,10,0.8214285714285714,0.8214285714285714
Conservative,10000,100,0.068,101000,56,46,10,10,0.8214285714285714,0.8214285714285714
Conservative,10000,100,0.069,101000,56,46,10,10,0.8214285714285714,0.8214285714285714
Conservative,10000,100,0.07,101000,56,46,10,10,0.8214285714285714,0.8214285714285714
Conservative,10000,100,0.07100000000000001,101000,56,46,10,10,0.8214285714285714,0.8214285714285714
Conservative,10000,100,0.07200000000000001,101000,56,46,10,10,0.8214285714285714,0.8214285714285714
Conservative,10000,100,0.073,101000,56,46,10,10,0.8214285714285714,0.8214285714285714
Conservative,10000,100,0.074,101000,56,46,10,10,0.8214285714285714,0.8214285714285714
Conservative,10000,100,0.075,101000,56,46,10,10,0.8214285714285714,0.8214285714285714
Conservative,10000,100,0.076,101000,56,46,10,10,0.8214285714285714,0.8214285714285714
Conservative,10000,100,0.077,101000,56,46,10,10,0.8214285714285714,0.8214285714285714
Conservative,10000,100,0.078,101000,56,46,10,10,0.8214285714285714,0.8214285714285714
Conservative,10000,100,0.079,101000,56,46,10,10,0.8214285714285714,0.8214285714285714
Conservative,10000,100,0.08,101000,56,46,10,10,0.8214285714285714,0.8214285714285714
Conservative,10000,100,0.081,100900,55,46,10,9,0.8363636363636363,0.8214285714285714
Conservative,10000,100,0.082,100900,55,46,10,9,0.8363636363636363,0.8214285714285714
Conservative,10000,100,0.083,100900,55,46,10,9,0.8363636363636363,0.8214285714285714
Conservative,10000,100,0.084,100900,55,46,10,9,0.8363636363636363,0.8214285714285714
Conservative,10000,100,0.085,100900,55,46,10,9,0.8363636363636363,0.8214285714285714
Conservative,10000,100,0.08600000000000001,100800,54,46,10,8,0.8518518518518519,0.8214285714285714
Conservative,10000,100,0.08700000000000001,100800,54,46,10,8,0.8518518518518519,0.8214285714285714
Conservative,10000,100,0.088,100800,54,46,10,8,0.8518518518518519,0.8214285714285714
Conservative,10000,100,0.089,100800,54,46,10,8,0.8518518518518519,0.8214285714285714
Conservative,10000,100,0.09,100800,54,46,10,8,0.8518518518518519,0.8214285714285714
Conservative,10000,100,0.091,100800,54,46,10,8,0.8518518518518519,0.8214285714285714
Conservative,10000,100,0.092,100800,54,46,10,8,0.8518518518518519,0.8214285714285714
Conservative,10000,100,0.093,100800,54,46,10,8,0.8518518518518519,0.8214285714285714
Conservative,10000,100,0.094,100800,54,46,10,8,0.8518518518518519,0.8214285714285714
Conservative,10000,100,0.095,100800,54,46,10,8,0.8518518518518519,0.8214285714285714
Conservative,10000,100,0.096,100800,54,46,10,8,0.8518518518518519,0.8214285714285714
Conservative,10000,100,0.097,100800,54,46,10,8,0.8518518518518519,0.8214285714285714
Conservative,10000,100,0.098,100800,54,46,10,8,0.8518518518518519,0.8214285714285714
Conservative,10000,100,0.099,100800,54,46,10,8,0.8518518518518519,0.8214285714285714
Conservative,10000,100,0.1,100800,54,46,10,8,0.8518518518518519,0.8214285714285714
Conservative,10000,100,0.101,100800,54,46,10,8,0.8518518518518519,0.8214285714285714
Conservative,10000,100,0.10200000000000001,100800,54,46,10,8,0.8518518518518519,0.8214285714285714
Conservative,10000,100,0.10300000000000001,100800,54,46,10,8,0.8518518518518519,0.8214285714285714
Conservative,10000,100,0.10400000000000001,100800,54,46,10,8,0.8518518518518519,0.8214285714285714
Conservative,10000,100,0.105,100800,54,46,10,8,0.8518518518518519,0.8214285714285714
Conservative,10000,100,0.106,100800,54,46,10,8,0.8518518518518519,0.8214285714285714
Conservative,10000,100,0.107,100800,54,46,10,8,0.8518518518518519,0.8214285714285714
Conservative,10000,100,0.108,100800,54,46,10,8,0.8518518518518519,0.8214285714285714
Conservative,10000,100,0.109,100800,54,46,10,8,0.8518518518518519,0.8214285714285714
Conservative,10000,100,0.11,100800,54,46,10,8,0.8518518518518519,0.8214285714285714
Conservative,10000,100,0.111,100800,54,46,10,8,0.8518518518518519,0.8214285714285714
Conservative,10000,100,0.112,100800,54,46,10,8,0.8518518518518519,0.8214285714285714
Conservative,10000,100,0.113,100800,54,46,10,8,0.8518518518518519,0.8214285714285714
Conservative,10000,100,0.114,100800,54,46,10,8,0.8518518518518519,0.8214285714285714
Conservative,10000,100,0.115,100800,54,46,10,8,0.8518518518518519,0.8214285714285714
Conservative,10000,100,0.116,100800,54,46,10,8,0.8518518518518519,0.8214285714285714
Conservative,10000,100,0.117,100800,54,46,10,8,0.8518518518518519,0.8214285714285714
Conservative,10000,100,0.11800000000000001,100800,54,46,10,8,0.8518518518518519,0.8214285714285714
Conservative,10000,100,0.11900000000000001,100800,54,46,10,8,0.8518518518518519,0.8214285714285714
Conservative,10000,100,0.12,100800,54,46,10,8,0.8518518518518519,0.8214285714285714
Conservative,10000,100,0.121,100800,54,46,10,8,0.8518518518518519,0.8214285714285714
Conservative,10000,100,0.122,100800,54,46,10,8,0.8518518518518519,0.8214285714285714
Conservative,10000,100,0.123,100800,54,46,10,8,0.8518518518518519,0.8214285714285714
Conservative,10000,100,0.124,100800,54,46,10,8,0.8518518518518519,0.8214285714285714
Conservative,10000,100,0.125,100800,54,46,10,8,0.8518518518518519,0.8214285714285714
Conservative,10000,100,0.126,100800,54,46,10,8,0.8518518518518519,0.8214285714285714
Conservative,10000,100,0.127,100800,54,46,10,8,0.8518518518518519,0.8214285714285714
Conservative,10000,100,0.128,100800,54,46,10,8,0.8518518518518519,0.8214285714285714
Conservative,10000,100,0.129,100800,54,46,10,8,0.8518518518518519,0.8214285714285714
Conservative,10000,100,0.13,100800,54,46,10,8,0.8518518518518519,0.8214285714285714
Conservative,10000,100,0.131,100800,54,46,10,8,0.8518518518518519,0.8214285714285714
Conservative,10000,100,0.132,100800,54,46,10,8,0.8518518518518519,0.8214285714285714
Conservative,10000,100,0.133,100800,54,46,10,8,0.8518518518518519,0.8214285714285714
Conservative,10000,100,0.134,100800,54,46,10,8,0.8518518518518519,0.8214285714285714
Conservative,10000,100,0.135,100800,54,46,10,8,0.8518518518518519,0.8214285714285714
Conservative,10000,100,0.136,100800,54,46,10,8,0.8518518518518519,0.8214285714285714
Conservative,10000,100,0.137,100800,54,46,10,8,0.8518518518518519,0.8214285714285714
Conservative,10000,100,0.138,100800,54,46,10,8,0.8518518518518519,0.8214285714285714
Conservative,10000,100,0.139,100800,54,46,10,8,0.8518518518518519,0.8214285714285714
Conservative,10000,100,0.14,100800,54,46,10,8,0.8518518518518519,0.8214285714285714
Conservative,10000,100,0.14100000000000001,100800,54,46,10,8,0.8518518518518519,0.8214285714285714
Conservative,10000,100,0.14200000000000002,100800,54,46,10,8,0.8518518518518519,0.8214285714285714
Conservative,10000,100,0.14300000000000002,100800,54,46,10,8,0.8518518518518519,0.8214285714285714
Conservative,10000,100,0.14400000000000002,100800,54,46,10,8,0.8518518518518519,0.8214285714285714
Conservative,10000,100,0.145,100800,54,46,10,8,0.8518518518518519,0.8214285714285714
Conservative,10000,100,0.146,100800,54,46,10,8,0.8518518518518519,0.8214285714285714
Conservative,10000,100,0.147,100800,54,46,10,8,0.8518518518518519,0.8214285714285714
Conservative,10000,100,0.148,100800,54,46,10,8,0.8518518518518519,0.8214285714285714
Conservative,10000,100,0.149,100800,54,46,10,8,0.8518518518518519,0.8214285714285714
Conservative,10000,100,0.15,100800,54,46,10,8,0.8518518518518519,0.8214285714285714
Conservative,10000,100,0.151,100800,54,46,10,8,0.8518518518518519,0.8214285714285714
Conservative,10000,100,0.152,100800,54,46,10,8,0.8518518518518519,0.8214285714285714
Conservative,10000,100,0.153,100800,54,46,10,8,0.8518518518518519,0.8214285714285714
Conservative,10000,100,0.154,100800,54,46,10,8,0.8518518518518519,0.8214285714285714
Conservative,10000,100,0.155,100800,54,46,10,8,0.8518518518518519,0.8214285714285714
Conservative,10000,100,0.156,100800,54,46,10,8,0.8518518518518519,0.8214285714285714
Conservative,10000,100,0.157,100800,54,46,10,8,0.8518518518518519,0.8214285714285714
Conservative,10000,100,0.158,100800,54,46,10,8,0.8518518518518519,0.8214285714285714
Conservative,10000,100,0.159,100800,54,46,10,8,0.8518518518518519,0.8214285714285714
Conservative,10000,100,0.16,100800,54,46,10,8,0.8518518518518519,0.8214285714285714
Conservative,10000,100,0.161,100800,54,46,10,8,0.8518518518518519,0.8214285714285714
Conservative,10000,100,0.162,100800,54,46,10,8,0.8518518518518519,0.8214285714285714
Conservative,10000,100,0.163,100800,54,46,10,8,0.8518518518518519,0.8214285714285714
Conservative,10000,100,0.164,100800,54,46,10,8,0.8518518518518519,0.8214285714285714
Conservative,10000,100,0.165,100800,54,46,10,8,0.8518518518518519,0.8214285714285714
Conservative,10000,100,0.166,100800,54,46,10,8,0.8518518518518519,0.8214285714285714
Conservative,10000,100,0.167,100800,54,46,10,8,0.8518518518518519,0.8214285714285714
Conservative,10000,100,0.168,100800,54,46,10,8,0.8518518518518519,0.8214285714285714
Conservative,10000,100,0.169,110800,53,45,11,8,0.8490566037735849,0.8035714285714286
Conservative,10000,100,0.17,110800,53,45,11,8,0.8490566037735849,0.8035714285714286
Conservative,10000,100,0.171,110800,53,45,11,8,0.8490566037735849,0.8035714285714286
Conservative,10000,100,0.17200000000000001,110800,53,45,11,8,0.8490566037735849,0.8035714285714286
Conservative,10000,100,0.17300000000000001,110800,53,45,11,8,0.8490566037735849,0.8035714285714286
Conservative,10000,100,0.17400000000000002,110800,53,45,11,8,0.8490566037735849,0.8035714285714286
Conservative,10000,100,0.17500000000000002,110800,53,45,11,8,0.8490566037735849,0.8035714285714286
Conservative,10000,100,0.176,110800,53,45,11,8,0.8490566037735849,0.8035714285714286
Conservative,10000,100,0.177,110800,53,45,11,8,0.8490566037735849,0.8035714285714286
Conservative,10000,100,0.178,110800,53,45,11,8,0.8490566037735849,0.8035714285714286
Conservative,10000,100,0.179,110800,53,45,11,8,0.8490566037735849,0.8035714285714286
Conservative,10000,100,0.18,110800,53,45,11,8,0.8490566037735849,0.8035714285714286
Conservative,10000,100,0.181,110800,53,45,11,8,0.8490566037735849,0.8035714285714286
Conservative,10000,100,0.182,110800,53,45,11,8,0.8490566037735849,0.8035714285714286
Conservative,10000,100,0.183,110800,53,45,11,8,0.8490566037735849,0.8035714285714286
Conservative,10000,100,0.184,120800,52,44,12,8,0.8461538461538461,0.7857142857142857
Conservative,10000,100,0.185,120800,52,44,12,8,0.8461538461538461,0.7857142857142857
Conservative,10000,100,0.186,120800,52,44,12,8,0.8461538461538461,0.7857142857142857
Conservative,10000,100,0.187,120800,52,44,12,8,0.8461538461538461,0.7857142857142857
Conservative,10000,100,0.188,120800,52,44,12,8,0.8461538461538461,0.7857142857142857
Conservative,10000,100,0.189,120800,52,44,12,8,0.8461538461538461,0.7857142857142857
Conservative,10000,100,0.19,120800,52,44,12,8,0.8461538461538461,0.7857142857142857
Conservative,10000,100,0.191,120800,52,44,12,8,0.8461538461538461,0.7857142857142857
Conservative,10000,100,0.192,120800,52,44,12,8,0.8461538461538461,0.7857142857142857
Conservative,10000,100,0.193,120800,52,44,12,8,0.8461538461538461,0.7857142857142857
Conservative,10000,100,0.194,120800,52,44,12,8,0.8461538461538461,0.7857142857142857
Conservative,10000,100,0.195,120800,52,44,12,8,0.8461538461538461,0.7857142857142857
Conservative,10000,100,0.196,120800,52,44,12,8,0.8461538461538461,0.7857142857142857
Conservative,10000,100,0.197,120800,52,44,12,8,0.8461538461538461,0.7857142857142857
Conservative,10000,100,0.198,120800,52,44,12,8,0.8461538461538461,0.7857142857142857
Conservative,10000,100,0.199,120800,52,44,12,8,0.8461538461538461,0.7857142857142857
Conservative,10000,100,0.2,120800,52,44,12,8,0.8461538461538461,0.7857142857142857
Conservative,10000,100,0.201,120800,52,44,12,8,0.8461538461538461,0.7857142857142857
Conservative,10000,100,0.202,120800,52,44,12,8,0.8461538461538461,0.7857142857142857
Conservative,10000,100,0.203,120800,52,44,12,8,0.8461538461538461,0.7857142857142857
Conservative,10000,100,0.20400000000000001,120800,52,44,12,8,0.8461538461538461,0.7857142857142857
Conservative,10000,100,0.20500000000000002,120800,52,44,12,8,0.8461538461538461,0.7857142857142857
Conservative,10000,100,0.20600000000000002,120800,52,44,12,8,0.8461538461538461,0.7857142857142857
Conservative,10000,100,0.20700000000000002,120800,52,44,12,8,0.8461538461538461,0.7857142857142857
Conservative,10000,100,0.20800000000000002,120800,52,44,12,8,0.8461538461538461,0.7857142857142857
Conservative,10000,100,0.209,120800,52,44,12,8,0.8461538461538461,0.7857142857142857
Conservative,10000,100,0.21,120800,52,44,12,8,0.8461538461538461,0.7857142857142857
Conservative,10000,100,0.211,120800,52,44,12,8,0.8461538461538461,0.7857142857142857
Conservative,10000,100,0.212,120800,52,44,12,8,0.8461538461538461,0.7857142857142857
Conservative,10000,100,0.213,120800,52,44,12,8,0.8461538461538461,0.7857142857142857
Conservative,10000,100,0.214,120800,52,44,12,8,0.8461538461538461,0.7857142857142857
Conservative,10000,100,0.215,120800,52,44,12,8,0.8461538461538461,0.7857142857142857
Conservative,10000,100,0.216,120800,52,44,12,8,0.8461538461538461,0.7857142857142857
Conservative,10000,100,0.217,120800,52,44,12,8,0.8461538461538461,0.7857142857142857
Conservative,10000,100,0.218,120800,52,44,12,8,0.8461538461538461,0.7857142857142857
Conservative,10000,100,0.219,120800,52,44,12,8,0.8461538461538461,0.7857142857142857
Conservative,10000,100,0.22,120800,52,44,12,8,0.8461538461538461,0.7857142857142857
Conservative,10000,100,0.221,120800,52,44,12,8,0.8461538461538461,0.7857142857142857
Conservative,10000,100,0.222,120800,52,44,12,8,0.8461538461538461,0.7857142857142857
Conservative,10000,100,0.223,120800,52,44,12,8,0.8461538461538461,0.7857142857142857
Conservative,10000,100,0.224,120800,52,44,12,8,0.8461538461538461,0.7857142857142857
Conservative,10000,100,0.225,120800,52,44,12,8,0.8461538461538461,0.7857142857142857
Conservative,10000,100,0.226,120800,52,44,12,8,0.8461538461538461,0.7857142857142857
Conservative,10000,100,0.227,120800,52,44,12,8,0.8461538461538461,0.7857142857142857
Conservative,10000,100,0.228,120800,52,44,12,8,0.8461538461538461,0.7857142857142857
Conservative,10000,100,0.229,120800,52,44,12,8,0.8461538461538461,0.7857142857142857
Conservative,10000,100,0.23,120800,52,44,12,8,0.8461538461538461,0.7857142857142857
Conservative,10000,100,0.231,120800,52,44,12,8,0.8461538461538461,0.7857142857142857
Conservative,10000,100,0.232,120800,52,44,12,8,0.8461538461538461,0.7857142857142857
Conservative,10000,100,0.233,120800,52,44,12,8,0.8461538461538461,0.7857142857142857
Conservative,10000,100,0.234,120800,52,44,12,8,0.8461538461538461,0.7857142857142857
Conservative,10000,100,0.23500000000000001,120800,52,44,12,8,0.8461538461538461,0.7857142857142857
Conservative,10000,100,0.23600000000000002,120800,52,44,12,8,0.8461538461538461,0.7857142857142857
Conservative,10000,100,0.23700000000000002,120800,52,44,12,8,0.8461538461538461,0.7857142857142857
Conservative,10000,100,0.23800000000000002,120800,52,44,12,8,0.8461538461538461,0.7857142857142857
Conservative,10000,100,0.23900000000000002,120800,52,44,12,8,0.8461538461538461,0.7857142857142857
Conservative,10000,100,0.24,120800,52,44,12,8,0.8461538461538461,0.7857142857142857
Conservative,10000,100,0.241,120800,52,44,12,8,0.8461538461538461,0.7857142857142857
Conservative,10000,100,0.242,120800,52,44,12,8,0.8461538461538461,0.7857142857142857
Conservative,10000,100,0.243,120800,52,44,12,8,0.8461538461538461,0.7857142857142857
Conservative,10000,100,0.244,120800,52,44,12,8,0.8461538461538461,0.7857142857142857
Conservative,10000,100,0.245,120800,52,44,12,8,0.8461538461538461,0.7857142857142857
Conservative,10000,100,0.246,120800,52,44,12,8,0.8461538461538461,0.7857142857142857
Conservative,10000,100,0.247,120800,52,44,12,8,0.8461538461538461,0.7857142857142857
Conservative,10000,100,0.248,120800,52,44,12,8,0.8461538461538461,0.7857142857142857
Conservative,10000,100,0.249,120800,52,44,12,8,0.8461538461538461,0.7857142857142857
Conservative,10000,100,0.25,120800,52,44,12,8,0.8461538461538461,0.7857142857142857
Conservative,10000,100,0.251,120800,52,44,12,8,0.8461538461538461,0.7857142857142857
Conservative,10000,100,0.252,120800,52,44,12,8,0.8461538461538461,0.7857142857142857
Conservative,10000,100,0.253,120800,52,44,12,8,0.8461538461538461,0.7857142857142857
Conservative,10000,100,0.254,120800,52,44,12,8,0.8461538461538461,0.7857142857142857
Conservative,10000,100,0.255,120800,52,44,12,8,0.8461538461538461,0.7857142857142857
Conservative,10000,100,0.256,120800,52,44,12,8,0.8461538461538461,0.7857142857142857
Conservative,10000,100,0.257,120800,52,44,12,8,0.8461538461538461,0.7857142857142857
Conservative,10000,100,0.258,120800,52,44,12,8,0.8461538461538461,0.7857142857142857
Conservative,10000,100,0.259,120800,52,44,12,8,0.8461538461538461,0.7857142857142857
Conservative,10000,100,0.26,120800,52,44,12,8,0.8461538461538461,0.7857142857142857
Conservative,10000,100,0.261,120800,52,44,12,8,0.8461538461538461,0.7857142857142857
Conservative,10000,100,0.262,120800,52,44,12,8,0.8461538461538461,0.7857142857142857
Conservative,10000,100,0.263,120800,52,44,12,8,0.8461538461538461,0.7857142857142857
Conservative,10000,100,0.264,120800,52,44,12,8,0.8461538461538461,0.7857142857142857
Conservative,10000,100,0.265,120800,52,44,12,8,0.8461538461538461,0.7857142857142857
Conservative,10000,100,0.266,120800,52,44,12,8,0.8461538461538461,0.7857142857142857
Conservative,10000,100,0.267,120800,52,44,12,8,0.8461538461538461,0.7857142857142857
Conservative,10000,100,0.268,120800,52,44,12,8,0.8461538461538461,0.7857142857142857
Conservative,10000,100,0.269,120800,52,44,12,8,0.8461538461538461,0.7857142857142857
Conservative,10000,100,0.27,120800,52,44,12,8,0.8461538461538461,0.7857142857142857
Conservative,10000,100,0.271,120700,51,44,12,7,0.8627450980392157,0.7857142857142857
Conservative,10000,100,0.272,120700,51,44,12,7,0.8627450980392157,0.7857142857142857
Conservative,10000,100,0.273,120700,51,44,12,7,0.8627450980392157,0.7857142857142857
Conservative,10000,100,0.274,120700,51,44,12,7,0.8627450980392157,0.7857142857142857
Conservative,10000,100,0.275,120700,51,44,12,7,0.8627450980392157,0.7857142857142857
Conservative,10000,100,0.276,120700,51,44,12,7,0.8627450980392157,0.7857142857142857
Conservative,10000,100,0.277,120700,51,44,12,7,0.8627450980392157,0.7857142857142857
Conservative,10000,100,0.278,120700,51,44,12,7,0.8627450980392157,0.7857142857142857
Conservative,10000,100,0.279,120700,51,44,12,7,0.8627450980392157,0.7857142857142857
Conservative,10000,100,0.28,120700,51,44,12,7,0.8627450980392157,0.7857142857142857
Conservative,10000,100,0.281,120700,51,44,12,7,0.8627450980392157,0.7857142857142857
Conservative,10000,100,0.28200000000000003,120700,51,44,12,7,0.8627450980392157,0.7857142857142857
Conservative,10000,100,0.28300000000000003,120700,51,44,12,7,0.8627450980392157,0.7857142857142857
Conservative,10000,100,0.28400000000000003,120700,51,44,12,7,0.8627450980392157,0.7857142857142857
Conservative,10000,100,0.28500000000000003,120700,51,44,12,7,0.8627450980392157,0.7857142857142857
Conservative,10000,100,0.28600000000000003,120700,51,44,12,7,0.8627450980392157,0.7857142857142857
Conservative,10000,100,0.28700000000000003,120700,51,44,12,7,0.8627450980392157,0.7857142857142857
Conservative,10000,100,0.28800000000000003,120700,51,44,12,7,0.8627450980392157,0.7857142857142857
Conservative,10000,100,0.289,120700,51,44,12,7,0.8627450980392157,0.7857142857142857
Conservative,10000,100,0.29,120700,51,44,12,7,0.8627450980392157,0.7857142857142857
Conservative,10000,100,0.291,120700,51,44,12,7,0.8627450980392157,0.7857142857142857
Conservative,10000,100,0.292,120700,51,44,12,7,0.8627450980392157,0.7857142857142857
Conservative,10000,100,0.293,120700,51,44,12,7,0.8627450980392157,0.7857142857142857
Conservative,10000,100,0.294,120700,51,44,12,7,0.8627450980392157,0.7857142857142857
Conservative,10000,100,0.295,120700,51,44,12,7,0.8627450980392157,0.7857142857142857
Conservative,10000,100,0.296,120700,51,44,12,7,0.8627450980392157,0.7857142857142857
Conservative,10000,100,0.297,120700,51,44,12,7,0.8627450980392157,0.7857142857142857
Conservative,10000,100,0.298,120700,51,44,12,7,0.8627450980392157,0.7857142857142857
Conservative,10000,100,0.299,120700,51,44,12,7,0.8627450980392157,0.7857142857142857
Conservative,10000,100,0.3,120700,51,44,12,7,0.8627450980392157,0.7857142857142857
Conservative,10000,100,0.301,120700,51,44,12,7,0.8627450980392157,0.7857142857142857
Conservative,10000,100,0.302,120700,51,44,12,7,0.8627450980392157,0.7857142857142857
Conservative,10000,100,0.303,120700,51,44,12,7,0.8627450980392157,0.7857142857142857
Conservative,10000,100,0.304,120700,51,44,12,7,0.8627450980392157,0.7857142857142857
Conservative,10000,100,0.305,120700,51,44,12,7,0.8627450980392157,0.7857142857142857
Conservative,10000,100,0.306,120700,51,44,12,7,0.8627450980392157,0.7857142857142857
Conservative,10000,100,0.307,120700,51,44,12,7,0.8627450980392157,0.7857142857142857
Conservative,10000,100,0.308,120700,51,44,12,7,0.8627450980392157,0.7857142857142857
Conservative,10000,100,0.309,120700,51,44,12,7,0.8627450980392157,0.7857142857142857
Conservative,10000,100,0.31,120700,51,44,12,7,0.8627450980392157,0.7857142857142857
Conservative,10000,100,0.311,120700,51,44,12,7,0.8627450980392157,0.7857142857142857
Conservative,10000,100,0.312,120600,50,44,12,6,0.88,0.7857142857142857
Conservative,10000,100,0.313,120600,50,44,12,6,0.88,0.7857142857142857
Conservative,10000,100,0.314,120600,50,44,12,6,0.88,0.7857142857142857
Conservative,10000,100,0.315,120600,50,44,12,6,0.88,0.7857142857142857
Conservative,10000,100,0.316,120600,50,44,12,6,0.88,0.7857142857142857
Conservative,10000,100,0.317,120600,50,44,12,6,0.88,0.7857142857142857
Conservative,10000,100,0.318,120600,50,44,12,6,0.88,0.7857142857142857
Conservative,10000,100,0.319,120600,50,44,12,6,0.88,0.7857142857142857
Conservative,10000,100,0.32,120600,50,44,12,6,0.88,0.7857142857142857
Conservative,10000,100,0.321,120600,50,44,12,6,0.88,0.7857142857142857
Conservative,10000,100,0.322,120600,50,44,12,6,0.88,0.7857142857142857
Conservative,10000,100,0.323,120600,50,44,12,6,0.88,0.7857142857142857
Conservative,10000,100,0.324,120600,50,44,12,6,0.88,0.7857142857142857
Conservative,10000,100,0.325,120600,50,44,12,6,0.88,0.7857142857142857
Conservative,10000,100,0.326,120600,50,44,12,6,0.88,0.7857142857142857
Conservative,10000,100,0.327,120600,50,44,12,6,0.88,0.7857142857142857
Conservative,10000,100,0.328,120600,50,44,12,6,0.88,0.7857142857142857
Conservative,10000,100,0.329,120600,50,44,12,6,0.88,0.7857142857142857
Conservative,10000,100,0.33,120600,50,44,12,6,0.88,0.7857142857142857
Conservative,10000,100,0.331,120600,50,44,12,6,0.88,0.7857142857142857
Conservative,10000,100,0.332,120600,50,44,12,6,0.88,0.7857142857142857
Conservative,10000,100,0.333,120600,50,44,12,6,0.88,0.7857142857142857
Conservative,10000,100,0.334,120600,50,44,12,6,0.88,0.7857142857142857
Conservative,10000,100,0.335,120600,50,44,12,6,0.88,0.7857142857142857
Conservative,10000,100,0.336,120500,49,44,12,5,0.8979591836734694,0.7857142857142857
Conservative,10000,100,0.337,120500,49,44,12,5,0.8979591836734694,0.7857142857142857
Conservative,10000,100,0.338,120500,49,44,12,5,0.8979591836734694,0.7857142857142857
Conservative,10000,100,0.339,120500,49,44,12,5,0.8979591836734694,0.7857142857142857
Conservative,10000,100,0.34,120500,49,44,12,5,0.8979591836734694,0.7857142857142857
Conservative,10000,100,0.341,120500,49,44,12,5,0.8979591836734694,0.7857142857142857
Conservative,10000,100,0.342,120500,49,44,12,5,0.8979591836734694,0.7857142857142857
Conservative,10000,100,0.343,120500,49,44,12,5,0.8979591836734694,0.7857142857142857
Conservative,10000,100,0.34400000000000003,120500,49,44,12,5,0.8979591836734694,0.7857142857142857
Conservative,10000,100,0.34500000000000003,120500,49,44,12,5,0.8979591836734694,0.7857142857142857
Conservative,10000,100,0.34600000000000003,120500,49,44,12,5,0.8979591836734694,0.7857142857142857
Conservative,10000,100,0.34700000000000003,120500,49,44,12,5,0.8979591836734694,0.7857142857142857
Conservative,10000,100,0.34800000000000003,120500,49,44,12,5,0.8979591836734694,0.7857142857142857
Conservative,10000,100,0.34900000000000003,120500,49,44,12,5,0.8979591836734694,0.7857142857142857
Conservative,10000,100,0.35000000000000003,120500,49,44,12,5,0.8979591836734694,0.7857142857142857
Conservative,10000,100,0.35100000000000003,120500,49,44,12,5,0.8979591836734694,0.7857142857142857
Conservative,10000,100,0.352,120500,49,44,12,5,0.8979591836734694,0.7857142857142857
Conservative,10000,100,0.353,120500,49,44,12,5,0.8979591836734694,0.7857142857142857
Conservative,10000,100,0.354,120500,49,44,12,5,0.8979591836734694,0.7857142857142857
Conservative,10000,100,0.355,120500,49,44,12,5,0.8979591836734694,0.7857142857142857
Conservative,10000,100,0.356,120500,49,44,12,5,0.8979591836734694,0.7857142857142857
Conservative,10000,100,0.357,120500,49,44,12,5,0.8979591836734694,0.7857142857142857
Conservative,10000,100,0.358,120500,49,44,12,5,0.8979591836734694,0.7857142857142857
Conservative,10000,100,0.359,120500,49,44,12,5,0.8979591836734694,0.7857142857142857
Conservative,10000,100,0.36,120500,49,44,12,5,0.8979591836734694,0.7857142857142857
Conservative,10000,100,0.361,120500,49,44,12,5,0.8979591836734694,0.7857142857142857
Conservative,10000,100,0.362,120500,49,44,12,5,0.8979591836734694,0.7857142857142857
Conservative,10000,100,0.363,120500,49,44,12,5,0.8979591836734694,0.7857142857142857
Conservative,10000,100,0.364,120500,49,44,12,5,0.8979591836734694,0.7857142857142857
Conservative,10000,100,0.365,120500,49,44,12,5,0.8979591836734694,0.7857142857142857
Conservative,10000,100,0.366,120500,49,44,12,5,0.8979591836734694,0.7857142857142857
Conservative,10000,100,0.367,120500,49,44,12,5,0.8979591836734694,0.7857142857142857
Conservative,10000,100,0.368,120500,49,44,12,5,0.8979591836734694,0.7857142857142857
Conservative,10000,100,0.369,120500,49,44,12,5,0.8979591836734694,0.7857142857142857
Conservative,10000,100,0.37,120500,49,44,12,5,0.8979591836734694,0.7857142857142857
Conservative,10000,100,0.371,120500,49,44,12,5,0.8979591836734694,0.7857142857142857
Conservative,10000,100,0.372,120500,49,44,12,5,0.8979591836734694,0.7857142857142857
Conservative,10000,100,0.373,120500,49,44,12,5,0.8979591836734694,0.7857142857142857
Conservative,10000,100,0.374,120500,49,44,12,5,0.8979591836734694,0.7857142857142857
Conservative,10000,100,0.375,120500,49,44,12,5,0.8979591836734694,0.7857142857142857
Conservative,10000,100,0.376,120500,49,44,12,5,0.8979591836734694,0.7857142857142857
Conservative,10000,100,0.377,120500,49,44,12,5,0.8979591836734694,0.7857142857142857
Conservative,10000,100,0.378,120500,49,44,12,5,0.8979591836734694,0.7857142857142857
Conservative,10000,100,0.379,120500,49,44,12,5,0.8979591836734694,0.7857142857142857
Conservative,10000,100,0.38,120500,49,44,12,5,0.8979591836734694,0.7857142857142857
Conservative,10000,100,0.381,120500,49,44,12,5,0.8979591836734694,0.7857142857142857
Conservative,10000,100,0.382,120500,49,44,12,5,0.8979591836734694,0.7857142857142857
Conservative,10000,100,0.383,120500,49,44,12,5,0.8979591836734694,0.7857142857142857
Conservative,10000,100,0.384,120500,49,44,12,5,0.8979591836734694,0.7857142857142857
Conservative,10000,100,0.385,120500,49,44,12,5,0.8979591836734694,0.7857142857142857
Conservative,10000,100,0.386,120500,49,44,12,5,0.8979591836734694,0.7857142857142857
Conservative,10000,100,0.387,120500,49,44,12,5,0.8979591836734694,0.7857142857142857
Conservative,10000,100,0.388,120500,49,44,12,5,0.8979591836734694,0.7857142857142857
Conservative,10000,100,0.389,120500,49,44,12,5,0.8979591836734694,0.7857142857142857
Conservative,10000,100,0.39,120500,49,44,12,5,0.8979591836734694,0.7857142857142857
Conservative,10000,100,0.391,120500,49,44,12,5,0.8979591836734694,0.7857142857142857
Conservative,10000,100,0.392,120500,49,44,12,5,0.8979591836734694,0.7857142857142857
Conservative,10000,100,0.393,120500,49,44,12,5,0.8979591836734694,0.7857142857142857
Conservative,10000,100,0.394,120500,49,44,12,5,0.8979591836734694,0.7857142857142857
Conservative,10000,100,0.395,120500,49,44,12,5,0.8979591836734694,0.7857142857142857
Conservative,10000,100,0.396,120500,49,44,12,5,0.8979591836734694,0.7857142857142857
Conservative,10000,100,0.397,120500,49,44,12,5,0.8979591836734694,0.7857142857142857
Conservative,10000,100,0.398,120500,49,44,12,5,0.8979591836734694,0.7857142857142857
Conservative,10000,100,0.399,120500,49,44,12,5,0.8979591836734694,0.7857142857142857
Conservative,10000,100,0.4,120500,49,44,12,5,0.8979591836734694,0.7857142857142857
Conservative,10000,100,0.401,120500,49,44,12,5,0.8979591836734694,0.7857142857142857
Conservative,10000,100,0.402,120500,49,44,12,5,0.8979591836734694,0.7857142857142857
Conservative,10000,100,0.403,120500,49,44,12,5,0.8979591836734694,0.7857142857142857
Conservative,10000,100,0.404,120500,49,44,12,5,0.8979591836734694,0.7857142857142857
Conservative,10000,100,0.405,120500,49,44,12,5,0.8979591836734694,0.7857142857142857
Conservative,10000,100,0.406,120500,49,44,12,5,0.8979591836734694,0.7857142857142857
Conservative,10000,100,0.40700000000000003,120500,49,44,12,5,0.8979591836734694,0.7857142857142857
Conservative,10000,100,0.40800000000000003,120500,49,44,12,5,0.8979591836734694,0.7857142857142857
Conservative,10000,100,0.40900000000000003,120500,49,44,12,5,0.8979591836734694,0.7857142857142857
Conservative,10000,100,0.41000000000000003,120500,49,44,12,5,0.8979591836734694,0.7857142857142857
Conservative,10000,100,0.41100000000000003,120500,49,44,12,5,0.8979591836734694,0.7857142857142857
Conservative,10000,100,0.41200000000000003,120500,49,44,12,5,0.8979591836734694,0.7857142857142857
Conservative,10000,100,0.41300000000000003,120500,49,44,12,5,0.8979591836734694,0.7857142857142857
Conservative,10000,100,0.41400000000000003,120500,49,44,12,5,0.8979591836734694,0.7857142857142857
Conservative,10000,100,0.41500000000000004,120500,49,44,12,5,0.8979591836734694,0.7857142857142857
Conservative,10000,100,0.41600000000000004,120500,49,44,12,5,0.8979591836734694,0.7857142857142857
Conservative,10000,100,0.417,120500,49,44,12,5,0.8979591836734694,0.7857142857142857
Conservative,10000,100,0.418,120500,49,44,12,5,0.8979591836734694,0.7857142857142857
Conservative,10000,100,0.419,120500,49,44,12,5,0.8979591836734694,0.7857142857142857
Conservative,10000,100,0.42,120500,49,44,12,5,0.8979591836734694,0.7857142857142857
Conservative,10000,100,0.421,120500,49,44,12,5,0.8979591836734694,0.7857142857142857
Conservative,10000,100,0.422,120500,49,44,12,5,0.8979591836734694,0.7857142857142857
Conservative,10000,100,0.423,120500,49,44,12,5,0.8979591836734694,0.7857142857142857
Conservative,10000,100,0.424,120500,49,44,12,5,0.8979591836734694,0.7857142857142857
Conservative,10000,100,0.425,120500,49,44,12,5,0.8979591836734694,0.7857142857142857
Conservative,10000,100,0.426,120500,49,44,12,5,0.8979591836734694,0.7857142857142857
Conservative,10000,100,0.427,120500,49,44,12,5,0.8979591836734694,0.7857142857142857
Conservative,10000,100,0.428,120500,49,44,12,5,0.8979591836734694,0.7857142857142857
Conservative,10000,100,0.429,120500,49,44,12,5,0.8979591836734694,0.7857142857142857
Conservative,10000,100,0.43,120500,49,44,12,5,0.8979591836734694,0.7857142857142857
Conservative,10000,100,0.431,120500,49,44,12,5,0.8979591836734694,0.7857142857142857
Conservative,10000,100,0.432,120500,49,44,12,5,0.8979591836734694,0.7857142857142857
Conservative,10000,100,0.433,120500,49,44,12,5,0.8979591836734694,0.7857142857142857
Conservative,10000,100,0.434,120500,49,44,12,5,0.8979591836734694,0.7857142857142857
Conservative,10000,100,0.435,120500,49,44,12,5,0.8979591836734694,0.7857142857142857
Conservative,10000,100,0.436,120500,49,44,12,5,0.8979591836734694,0.7857142857142857
Conservative,10000,100,0.437,120500,49,44,12,5,0.8979591836734694,0.7857142857142857
Conservative,10000,100,0.438,120500,49,44,12,5,0.8979591836734694,0.7857142857142857
Conservative,10000,100,0.439,120400,48,44,12,4,0.9166666666666666,0.7857142857142857
Conservative,10000,100,0.44,120400,48,44,12,4,0.9166666666666666,0.7857142857142857
Conservative,10000,100,0.441,120400,48,44,12,4,0.9166666666666666,0.7857142857142857
Conservative,10000,100,0.442,120400,48,44,12,4,0.9166666666666666,0.7857142857142857
Conservative,10000,100,0.443,120400,48,44,12,4,0.9166666666666666,0.7857142857142857
Conservative,10000,100,0.444,130400,47,43,13,4,0.9148936170212766,0.7678571428571429
Conservative,10000,100,0.445,130400,47,43,13,4,0.9148936170212766,0.7678571428571429
Conservative,10000,100,0.446,130400,47,43,13,4,0.9148936170212766,0.7678571428571429
Conservative,10000,100,0.447,130400,47,43,13,4,0.9148936170212766,0.7678571428571429
Conservative,10000,100,0.448,130400,47,43,13,4,0.9148936170212766,0.7678571428571429
Conservative,10000,100,0.449,130400,47,43,13,4,0.9148936170212766,0.7678571428571429
Conservative,10000,100,0.45,130400,47,43,13,4,0.9148936170212766,0.7678571428571429
Conservative,10000,100,0.451,130400,47,43,13,4,0.9148936170212766,0.7678571428571429
Conservative,10000,100,0.452,130400,47,43,13,4,0.9148936170212766,0.7678571428571429
Conservative,10000,100,0.453,130400,47,43,13,4,0.9148936170212766,0.7678571428571429
Conservative,10000,100,0.454,130400,47,43,13,4,0.9148936170212766,0.7678571428571429
Conservative,10000,100,0.455,130400,47,43,13,4,0.9148936170212766,0.7678571428571429
Conservative,10000,100,0.456,130400,47,43,13,4,0.9148936170212766,0.7678571428571429
Conservative,10000,100,0.457,130400,47,43,13,4,0.9148936170212766,0.7678571428571429
Conservative,10000,100,0.458,130400,47,43,13,4,0.9148936170212766,0.7678571428571429
Conservative,10000,100,0.459,130400,47,43,13,4,0.9148936170212766,0.7678571428571429
Conservative,10000,100,0.46,130400,47,43,13,4,0.9148936170212766,0.7678571428571429
Conservative,10000,100,0.461,130400,47,43,13,4,0.9148936170212766,0.7678571428571429
Conservative,10000,100,0.462,130400,47,43,13,4,0.9148936170212766,0.7678571428571429
Conservative,10000,100,0.463,130400,47,43,13,4,0.9148936170212766,0.7678571428571429
Conservative,10000,100,0.464,130400,47,43,13,4,0.9148936170212766,0.7678571428571429
Conservative,10000,100,0.465,130400,47,43,13,4,0.9148936170212766,0.7678571428571429
Conservative,10000,100,0.466,130400,47,43,13,4,0.9148936170212766,0.7678571428571429
Conservative,10000,100,0.467,130400,47,43,13,4,0.9148936170212766,0.7678571428571429
Conservative,10000,100,0.468,130400,47,43,13,4,0.9148936170212766,0.7678571428571429
Conservative,10000,100,0.46900000000000003,130400,47,43,13,4,0.9148936170212766,0.7678571428571429
Conservative,10000,100,0.47000000000000003,130400,47,43,13,4,0.9148936170212766,0.7678571428571429
Conservative,10000,100,0.47100000000000003,130400,47,43,13,4,0.9148936170212766,0.7678571428571429
Conservative,10000,100,0.47200000000000003,130400,47,43,13,4,0.9148936170212766,0.7678571428571429
Conservative,10000,100,0.47300000000000003,130400,47,43,13,4,0.9148936170212766,0.7678571428571429
Conservative,10000,100,0.47400000000000003,130400,47,43,13,4,0.9148936170212766,0.7678571428571429
Conservative,10000,100,0.47500000000000003,130400,47,43,13,4,0.9148936170212766,0.7678571428571429
Conservative,10000,100,0.47600000000000003,130400,47,43,13,4,0.9148936170212766,0.7678571428571429
Conservative,10000,100,0.47700000000000004,130400,47,43,13,4,0.9148936170212766,0.7678571428571429
Conservative,10000,100,0.47800000000000004,130400,47,43,13,4,0.9148936170212766,0.7678571428571429
Conservative,10000,100,0.47900000000000004,130400,47,43,13,4,0.9148936170212766,0.7678571428571429
Conservative,10000,100,0.48,130400,47,43,13,4,0.9148936170212766,0.7678571428571429
Conservative,10000,100,0.481,130400,47,43,13,4,0.9148936170212766,0.7678571428571429
Conservative,10000,100,0.482,130400,47,43,13,4,0.9148936170212766,0.7678571428571429
Conservative,10000,100,0.483,130400,47,43,13,4,0.9148936170212766,0.7678571428571429
Conservative,10000,100,0.484,130400,47,43,13,4,0.9148936170212766,0.7678571428571429
Conservative,10000,100,0.485,130400,47,43,13,4,0.9148936170212766,0.7678571428571429
Conservative,10000,100,0.486,130400,47,43,13,4,0.9148936170212766,0.7678571428571429
Conservative,10000,100,0.487,130400,47,43,13,4,0.9148936170212766,0.7678571428571429
Conservative,10000,100,0.488,130400,47,43,13,4,0.9148936170212766,0.7678571428571429
Conservative,10000,100,0.489,130400,47,43,13,4,0.9148936170212766,0.7678571428571429
Conservative,10000,100,0.49,130400,47,43,13,4,0.9148936170212766,0.7678571428571429
Conservative,10000,100,0.491,130400,47,43,13,4,0.9148936170212766,0.7678571428571429
Conservative,10000,100,0.492,130400,47,43,13,4,0.9148936170212766,0.7678571428571429
Conservative,10000,100,0.493,130400,47,43,13,4,0.9148936170212766,0.7678571428571429
Conservative,10000,100,0.494,130400,47,43,13,4,0.9148936170212766,0.7678571428571429
Conservative,10000,100,0.495,130400,47,43,13,4,0.9148936170212766,0.7678571428571429
Conservative,10000,100,0.496,130400,47,43,13,4,0.9148936170212766,0.7678571428571429
Conservative,10000,100,0.497,130400,47,43,13,4,0.9148936170212766,0.7678571428571429
Conservative,10000,100,0.498,130400,47,43,13,4,0.9148936170212766,0.7678571428571429
Conservative,10000,100,0.499,130400,47,43,13,4,0.9148936170212766,0.7678571428571429
Conservative,10000,100,0.5,130400,47,43,13,4,0.9148936170212766,0.7678571428571429
Conservative,10000,100,0.501,130400,47,43,13,4,0.9148936170212766,0.7678571428571429
Conservative,10000,100,0.502,130400,47,43,13,4,0.9148936170212766,0.7678571428571429
Conservative,10000,100,0.503,130400,47,43,13,4,0.9148936170212766,0.7678571428571429
Conservative,10000,100,0.504,130400,47,43,13,4,0.9148936170212766,0.7678571428571429
Conservative,10000,100,0.505,130400,47,43,13,4,0.9148936170212766,0.7678571428571429
Conservative,10000,100,0.506,130400,47,43,13,4,0.9148936170212766,0.7678571428571429
Conservative,10000,100,0.507,130400,47,43,13,4,0.9148936170212766,0.7678571428571429
Conservative,10000,100,0.508,130400,47,43,13,4,0.9148936170212766,0.7678571428571429
Conservative,10000,100,0.509,130400,47,43,13,4,0.9148936170212766,0.7678571428571429
Conservative,10000,100,0.51,130400,47,43,13,4,0.9148936170212766,0.7678571428571429
Conservative,10000,100,0.511,130400,47,43,13,4,0.9148936170212766,0.7678571428571429
Conservative,10000,100,0.512,130400,47,43,13,4,0.9148936170212766,0.7678571428571429
Conservative,10000,100,0.513,130400,47,43,13,4,0.9148936170212766,0.7678571428571429
Conservative,10000,100,0.514,130400,47,43,13,4,0.9148936170212766,0.7678571428571429
Conservative,10000,100,0.515,130400,47,43,13,4,0.9148936170212766,0.7678571428571429
Conservative,10000,100,0.516,130400,47,43,13,4,0.9148936170212766,0.7678571428571429
Conservative,10000,100,0.517,130300,46,43,13,3,0.9347826086956522,0.7678571428571429
Conservative,10000,100,0.518,130300,46,43,13,3,0.9347826086956522,0.7678571428571429
Conservative,10000,100,0.519,130300,46,43,13,3,0.9347826086956522,0.7678571428571429
Conservative,10000,100,0.52,130300,46,43,13,3,0.9347826086956522,0.7678571428571429
Conservative,10000,100,0.521,130300,46,43,13,3,0.9347826086956522,0.7678571428571429
Conservative,10000,100,0.522,130300,46,43,13,3,0.9347826086956522,0.7678571428571429
Conservative,10000,100,0.523,130300,46,43,13,3,0.9347826086956522,0.7678571428571429
Conservative,10000,100,0.524,130300,46,43,13,3,0.9347826086956522,0.7678571428571429
Conservative,10000,100,0.525,130300,46,43,13,3,0.9347826086956522,0.7678571428571429
Conservative,10000,100,0.526,130300,46,43,13,3,0.9347826086956522,0.7678571428571429
Conservative,10000,100,0.527,130300,46,43,13,3,0.9347826086956522,0.7678571428571429
Conservative,10000,100,0.528,130300,46,43,13,3,0.9347826086956522,0.7678571428571429
Conservative,10000,100,0.529,130300,46,43,13,3,0.9347826086956522,0.7678571428571429
Conservative,10000,100,0.53,130300,46,43,13,3,0.9347826086956522,0.7678571428571429
Conservative,10000,100,0.531,130300,46,43,13,3,0.9347826086956522,0.7678571428571429
Conservative,10000,100,0.532,130300,46,43,13,3,0.9347826086956522,0.7678571428571429
Conservative,10000,100,0.533,130300,46,43,13,3,0.9347826086956522,0.7678571428571429
Conservative,10000,100,0.534,130300,46,43,13,3,0.9347826086956522,0.7678571428571429
Conservative,10000,100,0.535,130300,46,43,13,3,0.9347826086956522,0.7678571428571429
Conservative,10000,100,0.536,130300,46,43,13,3,0.9347826086956522,0.7678571428571429
Conservative,10000,100,0.537,130300,46,43,13,3,0.9347826086956522,0.7678571428571429
Conservative,10000,100,0.538,130300,46,43,13,3,0.9347826086956522,0.7678571428571429
Conservative,10000,100,0.539,130300,46,43,13,3,0.9347826086956522,0.7678571428571429
Conservative,10000,100,0.54,130300,46,43,13,3,0.9347826086956522,0.7678571428571429
Conservative,10000,100,0.541,130300,46,43,13,3,0.9347826086956522,0.7678571428571429
Conservative,10000,100,0.542,130300,46,43,13,3,0.9347826086956522,0.7678571428571429
Conservative,10000,100,0.543,130300,46,43,13,3,0.9347826086956522,0.7678571428571429
Conservative,10000,100,0.544,130300,46,43,13,3,0.9347826086956522,0.7678571428571429
Conservative,10000,100,0.545,130300,46,43,13,3,0.9347826086956522,0.7678571428571429
Conservative,10000,100,0.546,130300,46,43,13,3,0.9347826086956522,0.7678571428571429
Conservative,10000,100,0.547,130300,46,43,13,3,0.9347826086956522,0.7678571428571429
Conservative,10000,100,0.548,130300,46,43,13,3,0.9347826086956522,0.7678571428571429
Conservative,10000,100,0.549,130300,46,43,13,3,0.9347826086956522,0.7678571428571429
Conservative,10000,100,0.55,130300,46,43,13,3,0.9347826086956522,0.7678571428571429
Conservative,10000,100,0.551,130300,46,43,13,3,0.9347826086956522,0.7678571428571429
Conservative,10000,100,0.552,130300,46,43,13,3,0.9347826086956522,0.7678571428571429
Conservative,10000,100,0.553,130300,46,43,13,3,0.9347826086956522,0.7678571428571429
Conservative,10000,100,0.554,130300,46,43,13,3,0.9347826086956522,0.7678571428571429
Conservative,10000,100,0.555,130300,46,43,13,3,0.9347826086956522,0.7678571428571429
Conservative,10000,100,0.556,130200,45,43,13,2,0.9555555555555556,0.7678571428571429
Conservative,10000,100,0.557,130200,45,43,13,2,0.9555555555555556,0.7678571428571429
Conservative,10000,100,0.558,130200,45,43,13,2,0.9555555555555556,0.7678571428571429
Conservative,10000,100,0.559,130100,44,43,13,1,0.9772727272727273,0.7678571428571429
Conservative,10000,100,0.56,130100,44,43,13,1,0.9772727272727273,0.7678571428571429
Conservative,10000,100,0.561,130100,44,43,13,1,0.9772727272727273,0.7678571428571429
Conservative,10000,100,0.562,130100,44,43,13,1,0.9772727272727273,0.7678571428571429
Conservative,10000,100,0.5630000000000001,130100,44,43,13,1,0.9772727272727273,0.7678571428571429
Conservative,10000,100,0.5640000000000001,130100,44,43,13,1,0.9772727272727273,0.7678571428571429
Conservative,10000,100,0.5650000000000001,130100,44,43,13,1,0.9772727272727273,0.7678571428571429
Conservative,10000,100,0.5660000000000001,140100,43,42,14,1,0.9767441860465116,0.75
Conservative,10000,100,0.5670000000000001,140100,43,42,14,1,0.9767441860465116,0.75
Conservative,10000,100,0.5680000000000001,140100,43,42,14,1,0.9767441860465116,0.75
Conservative,10000,100,0.5690000000000001,140100,43,42,14,1,0.9767441860465116,0.75
Conservative,10000,100,0.5700000000000001,140100,43,42,14,1,0.9767441860465116,0.75
Conservative,10000,100,0.5710000000000001,140100,43,42,14,1,0.9767441860465116,0.75
Conservative,10000,100,0.5720000000000001,140100,43,42,14,1,0.9767441860465116,0.75
Conservative,10000,100,0.5730000000000001,140100,43,42,14,1,0.9767441860465116,0.75
Conservative,10000,100,0.5740000000000001,140100,43,42,14,1,0.9767441860465116,0.75
Conservative,10000,100,0.5750000000000001,140100,43,42,14,1,0.9767441860465116,0.75
Conservative,10000,100,0.5760000000000001,140100,43,42,14,1,0.9767441860465116,0.75
Conservative,10000,100,0.577,140100,43,42,14,1,0.9767441860465116,0.75
Conservative,10000,100,0.578,140100,43,42,14,1,0.9767441860465116,0.75
Conservative,10000,100,0.579,140100,43,42,14,1,0.9767441860465116,0.75
Conservative,10000,100,0.58,140100,43,42,14,1,0.9767441860465116,0.75
Conservative,10000,100,0.581,140100,43,42,14,1,0.9767441860465116,0.75
Conservative,10000,100,0.582,140100,43,42,14,1,0.9767441860465116,0.75
Conservative,10000,100,0.583,140100,43,42,14,1,0.9767441860465116,0.75
Conservative,10000,100,0.584,140100,43,42,14,1,0.9767441860465116,0.75
Conservative,10000,100,0.585,140100,43,42,14,1,0.9767441860465116,0.75
Conservative,10000,100,0.586,140100,43,42,14,1,0.9767441860465116,0.75
Conservative,10000,100,0.587,140100,43,42,14,1,0.9767441860465116,0.75
Conservative,10000,100,0.588,140100,43,42,14,1,0.9767441860465116,0.75
Conservative,10000,100,0.589,140100,43,42,14,1,0.9767441860465116,0.75
Conservative,10000,100,0.59,140100,43,42,14,1,0.9767441860465116,0.75
Conservative,10000,100,0.591,140100,43,42,14,1,0.9767441860465116,0.75
Conservative,10000,100,0.592,140100,43,42,14,1,0.9767441860465116,0.75
Conservative,10000,100,0.593,140100,43,42,14,1,0.9767441860465116,0.75
Conservative,10000,100,0.594,140100,43,42,14,1,0.9767441860465116,0.75
Conservative,10000,100,0.595,140100,43,42,14,1,0.9767441860465116,0.75
Conservative,10000,100,0.596,140100,43,42,14,1,0.9767441860465116,0.75
Conservative,10000,100,0.597,140100,43,42,14,1,0.9767441860465116,0.75
Conservative,10000,100,0.598,140100,43,42,14,1,0.9767441860465116,0.75
Conservative,10000,100,0.599,140100,43,42,14,1,0.9767441860465116,0.75
Conservative,10000,100,0.6,140100,43,42,14,1,0.9767441860465116,0.75
Conservative,10000,100,0.601,140100,43,42,14,1,0.9767441860465116,0.75
Conservative,10000,100,0.602,140100,43,42,14,1,0.9767441860465116,0.75
Conservative,10000,100,0.603,140100,43,42,14,1,0.9767441860465116,0.75
Conservative,10000,100,0.604,140100,43,42,14,1,0.9767441860465116,0.75
Conservative,10000,100,0.605,140100,43,42,14,1,0.9767441860465116,0.75
Conservative,10000,100,0.606,140100,43,42,14,1,0.9767441860465116,0.75
Conservative,10000,100,0.607,140100,43,42,14,1,0.9767441860465116,0.75
Conservative,10000,100,0.608,140100,43,42,14,1,0.9767441860465116,0.75
Conservative,10000,100,0.609,140100,43,42,14,1,0.9767441860465116,0.75
Conservative,10000,100,0.61,140100,43,42,14,1,0.9767441860465116,0.75
Conservative,10000,100,0.611,140100,43,42,14,1,0.9767441860465116,0.75
Conservative,10000,100,0.612,140100,43,42,14,1,0.9767441860465116,0.75
Conservative,10000,100,0.613,140100,43,42,14,1,0.9767441860465116,0.75
Conservative,10000,100,0.614,140100,43,42,14,1,0.9767441860465116,0.75
Conservative,10000,100,0.615,140100,43,42,14,1,0.9767441860465116,0.75
Conservative,10000,100,0.616,140100,43,42,14,1,0.9767441860465116,0.75
Conservative,10000,100,0.617,140100,43,42,14,1,0.9767441860465116,0.75
Conservative,10000,100,0.618,140100,43,42,14,1,0.9767441860465116,0.75
Conservative,10000,100,0.619,140100,43,42,14,1,0.9767441860465116,0.75
Conservative,10000,100,0.62,140100,43,42,14,1,0.9767441860465116,0.75
Conservative,10000,100,0.621,140100,43,42,14,1,0.9767441860465116,0.75
Conservative,10000,100,0.622,140100,43,42,14,1,0.9767441860465116,0.75
Conservative,10000,100,0.623,140100,43,42,14,1,0.9767441860465116,0.75
Conservative,10000,100,0.624,140100,43,42,14,1,0.9767441860465116,0.75
Conservative,10000,100,0.625,140100,43,42,14,1,0.9767441860465116,0.75
Conservative,10000,100,0.626,140100,43,42,14,1,0.9767441860465116,0.75
Conservative,10000,100,0.627,140100,43,42,14,1,0.9767441860465116,0.75
Conservative,10000,100,0.628,140100,43,42,14,1,0.9767441860465116,0.75
Conservative,10000,100,0.629,140100,43,42,14,1,0.9767441860465116,0.75
Conservative,10000,100,0.63,140100,43,42,14,1,0.9767441860465116,0.75
Conservative,10000,100,0.631,140100,43,42,14,1,0.9767441860465116,0.75
Conservative,10000,100,0.632,140100,43,42,14,1,0.9767441860465116,0.75
Conservative,10000,100,0.633,140100,43,42,14,1,0.9767441860465116,0.75
Conservative,10000,100,0.634,140100,43,42,14,1,0.9767441860465116,0.75
Conservative,10000,100,0.635,140100,43,42,14,1,0.9767441860465116,0.75
Conservative,10000,100,0.636,140100,43,42,14,1,0.9767441860465116,0.75
Conservative,10000,100,0.637,140100,43,42,14,1,0.9767441860465116,0.75
Conservative,10000,100,0.638,140100,43,42,14,1,0.9767441860465116,0.75
Conservative,10000,100,0.639,140100,43,42,14,1,0.9767441860465116,0.75
Conservative,10000,100,0.64,140100,43,42,14,1,0.9767441860465116,0.75
Conservative,10000,100,0.641,140100,43,42,14,1,0.9767441860465116,0.75
Conservative,10000,100,0.642,140100,43,42,14,1,0.9767441860465116,0.75
Conservative,10000,100,0.643,140100,43,42,14,1,0.9767441860465116,0.75
Conservative,10000,100,0.644,140100,43,42,14,1,0.9767441860465116,0.75
Conservative,10000,100,0.645,140100,43,42,14,1,0.9767441860465116,0.75
Conservative,10000,100,0.646,140100,43,42,14,1,0.9767441860465116,0.75
Conservative,10000,100,0.647,140100,43,42,14,1,0.9767441860465116,0.75
Conservative,10000,100,0.648,140100,43,42,14,1,0.9767441860465116,0.75
Conservative,10000,100,0.649,140100,43,42,14,1,0.9767441860465116,0.75
Conservative,10000,100,0.65,140100,43,42,14,1,0.9767441860465116,0.75
Conservative,10000,100,0.651,140100,43,42,14,1,0.9767441860465116,0.75
Conservative,10000,100,0.652,140100,43,42,14,1,0.9767441860465116,0.75
Conservative,10000,100,0.653,140100,43,42,14,1,0.9767441860465116,0.75
Conservative,10000,100,0.654,140100,43,42,14,1,0.9767441860465116,0.75
Conservative,10000,100,0.655,140100,43,42,14,1,0.9767441860465116,0.75
Conservative,10000,100,0.656,140100,43,42,14,1,0.9767441860465116,0.75
Conservative,10000,100,0.657,140100,43,42,14,1,0.9767441860465116,0.75
Conservative,10000,100,0.658,140100,43,42,14,1,0.9767441860465116,0.75
Conservative,10000,100,0.659,140100,43,42,14,1,0.9767441860465116,0.75
Conservative,10000,100,0.66,140100,43,42,14,1,0.9767441860465116,0.75
Conservative,10000,100,0.661,140100,43,42,14,1,0.9767441860465116,0.75
Conservative,10000,100,0.662,140100,43,42,14,1,0.9767441860465116,0.75
Conservative,10000,100,0.663,140100,43,42,14,1,0.9767441860465116,0.75
Conservative,10000,100,0.664,140100,43,42,14,1,0.9767441860465116,0.75
Conservative,10000,100,0.665,140100,43,42,14,1,0.9767441860465116,0.75
Conservative,10000,100,0.666,140100,43,42,14,1,0.9767441860465116,0.75
Conservative,10000,100,0.667,140100,43,42,14,1,0.9767441860465116,0.75
Conservative,10000,100,0.668,140100,43,42,14,1,0.9767441860465116,0.75
Conservative,10000,100,0.669,140100,43,42,14,1,0.9767441860465116,0.75
Conservative,10000,100,0.67,140100,43,42,14,1,0.9767441860465116,0.75
Conservative,10000,100,0.671,140100,43,42,14,1,0.9767441860465116,0.75
Conservative,10000,100,0.672,140100,43,42,14,1,0.9767441860465116,0.75
Conservative,10000,100,0.673,140100,43,42,14,1,0.9767441860465116,0.75
Conservative,10000,100,0.674,140100,43,42,14,1,0.9767441860465116,0.75
Conservative,10000,100,0.675,140100,43,42,14,1,0.9767441860465116,0.75
Conservative,10000,100,0.676,140100,43,42,14,1,0.9767441860465116,0.75
Conservative,10000,100,0.677,140100,43,42,14,1,0.9767441860465116,0.75
Conservative,10000,100,0.678,140100,43,42,14,1,0.9767441860465116,0.75
Conservative,10000,100,0.679,140100,43,42,14,1,0.9767441860465116,0.75
Conservative,10000,100,0.68,140100,43,42,14,1,0.9767441860465116,0.75
Conservative,10000,100,0.681,140100,43,42,14,1,0.9767441860465116,0.75
Conservative,10000,100,0.682,140100,43,42,14,1,0.9767441860465116,0.75
Conservative,10000,100,0.683,140100,43,42,14,1,0.9767441860465116,0.75
Conservative,10000,100,0.684,140100,43,42,14,1,0.9767441860465116,0.75
Conservative,10000,100,0.685,140100,43,42,14,1,0.9767441860465116,0.75
Conservative,10000,100,0.686,140100,43,42,14,1,0.9767441860465116,0.75
Conservative,10000,100,0.687,140100,43,42,14,1,0.9767441860465116,0.75
Conservative,10000,100,0.6880000000000001,140100,43,42,14,1,0.9767441860465116,0.75
Conservative,10000,100,0.6890000000000001,140100,43,42,14,1,0.9767441860465116,0.75
Conservative,10000,100,0.6900000000000001,140100,43,42,14,1,0.9767441860465116,0.75
Conservative,10000,100,0.6910000000000001,140100,43,42,14,1,0.9767441860465116,0.75
Conservative,10000,100,0.6920000000000001,140100,43,42,14,1,0.9767441860465116,0.75
Conservative,10000,100,0.6930000000000001,140100,43,42,14,1,0.9767441860465116,0.75
Conservative,10000,100,0.6940000000000001,140100,43,42,14,1,0.9767441860465116,0.75
Conservative,10000,100,0.6950000000000001,140100,43,42,14,1,0.9767441860465116,0.75
Conservative,10000,100,0.6960000000000001,140100,43,42,14,1,0.9767441860465116,0.75
Conservative,10000,100,0.6970000000000001,140100,43,42,14,1,0.9767441860465116,0.75
Conservative,10000,100,0.6980000000000001,140100,43,42,14,1,0.9767441860465116,0.75
Conservative,10000,100,0.6990000000000001,140100,43,42,14,1,0.9767441860465116,0.75
Conservative,10000,100,0.7000000000000001,140100,43,42,14,1,0.9767441860465116,0.75
Conservative,10000,100,0.7010000000000001,140100,43,42,14,1,0.9767441860465116,0.75
Conservative,10000,100,0.7020000000000001,140100,43,42,14,1,0.9767441860465116,0.75
Conservative,10000,100,0.7030000000000001,140100,43,42,14,1,0.9767441860465116,0.75
Conservative,10000,100,0.704,140100,43,42,14,1,0.9767441860465116,0.75
Conservative,10000,100,0.705,140100,43,42,14,1,0.9767441860465116,0.75
Conservative,10000,100,0.706,140100,43,42,14,1,0.9767441860465116,0.75
Conservative,10000,100,0.707,140100,43,42,14,1,0.9767441860465116,0.75
Conservative,10000,100,0.708,140100,43,42,14,1,0.9767441860465116,0.75
Conservative,10000,100,0.709,140100,43,42,14,1,0.9767441860465116,0.75
Conservative,10000,100,0.71,140100,43,42,14,1,0.9767441860465116,0.75
Conservative,10000,100,0.711,140100,43,42,14,1,0.9767441860465116,0.75
Conservative,10000,100,0.712,140100,43,42,14,1,0.9767441860465116,0.75
Conservative,10000,100,0.713,140100,43,42,14,1,0.9767441860465116,0.75
Conservative,10000,100,0.714,140100,43,42,14,1,0.9767441860465116,0.75
Conservative,10000,100,0.715,140100,43,42,14,1,0.9767441860465116,0.75
Conservative,10000,100,0.716,140100,43,42,14,1,0.9767441860465116,0.75
Conservative,10000,100,0.717,140100,43,42,14,1,0.9767441860465116,0.75
Conservative,10000,100,0.718,140100,43,42,14,1,0.9767441860465116,0.75
Conservative,10000,100,0.719,140100,43,42,14,1,0.9767441860465116,0.75
Conservative,10000,100,0.72,140100,43,42,14,1,0.9767441860465116,0.75
Conservative,10000,100,0.721,140100,43,42,14,1,0.9767441860465116,0.75
Conservative,10000,100,0.722,140100,43,42,14,1,0.9767441860465116,0.75
Conservative,10000,100,0.723,140100,43,42,14,1,0.9767441860465116,0.75
Conservative,10000,100,0.724,140100,43,42,14,1,0.9767441860465116,0.75
Conservative,10000,100,0.725,140100,43,42,14,1,0.9767441860465116,0.75
Conservative,10000,100,0.726,140100,43,42,14,1,0.9767441860465116,0.75
Conservative,10000,100,0.727,140100,43,42,14,1,0.9767441860465116,0.75
Conservative,10000,100,0.728,140100,43,42,14,1,0.9767441860465116,0.75
Conservative,10000,100,0.729,140100,43,42,14,1,0.9767441860465116,0.75
Conservative,10000,100,0.73,140100,43,42,14,1,0.9767441860465116,0.75
Conservative,10000,100,0.731,140100,43,42,14,1,0.9767441860465116,0.75
Conservative,10000,100,0.732,140100,43,42,14,1,0.9767441860465116,0.75
Conservative,10000,100,0.733,140100,43,42,14,1,0.9767441860465116,0.75
Conservative,10000,100,0.734,140100,43,42,14,1,0.9767441860465116,0.75
Conservative,10000,100,0.735,140100,43,42,14,1,0.9767441860465116,0.75
Conservative,10000,100,0.736,140100,43,42,14,1,0.9767441860465116,0.75
Conservative,10000,100,0.737,140100,43,42,14,1,0.9767441860465116,0.75
Conservative,10000,100,0.738,140100,43,42,14,1,0.9767441860465116,0.75
Conservative,10000,100,0.739,140100,43,42,14,1,0.9767441860465116,0.75
Conservative,10000,100,0.74,140100,43,42,14,1,0.9767441860465116,0.75
Conservative,10000,100,0.741,140100,43,42,14,1,0.9767441860465116,0.75
Conservative,10000,100,0.742,140100,43,42,14,1,0.9767441860465116,0.75
Conservative,10000,100,0.743,140100,43,42,14,1,0.9767441860465116,0.75
Conservative,10000,100,0.744,140100,43,42,14,1,0.9767441860465116,0.75
Conservative,10000,100,0.745,140100,43,42,14,1,0.9767441860465116,0.75
Conservative,10000,100,0.746,140100,43,42,14,1,0.9767441860465116,0.75
Conservative,10000,100,0.747,140100,43,42,14,1,0.9767441860465116,0.75
Conservative,10000,100,0.748,140100,43,42,14,1,0.9767441860465116,0.75
Conservative,10000,100,0.749,140100,43,42,14,1,0.9767441860465116,0.75
Conservative,10000,100,0.75,140100,43,42,14,1,0.9767441860465116,0.75
Conservative,10000,100,0.751,140100,43,42,14,1,0.9767441860465116,0.75
Conservative,10000,100,0.752,140100,43,42,14,1,0.9767441860465116,0.75
Conservative,10000,100,0.753,140100,43,42,14,1,0.9767441860465116,0.75
Conservative,10000,100,0.754,140100,43,42,14,1,0.9767441860465116,0.75
Conservative,10000,100,0.755,140100,43,42,14,1,0.9767441860465116,0.75
Conservative,10000,100,0.756,140100,43,42,14,1,0.9767441860465116,0.75
Conservative,10000,100,0.757,140100,43,42,14,1,0.9767441860465116,0.75
Conservative,10000,100,0.758,140100,43,42,14,1,0.9767441860465116,0.75
Conservative,10000,100,0.759,140100,43,42,14,1,0.9767441860465116,0.75
Conservative,10000,100,0.76,140100,43,42,14,1,0.9767441860465116,0.75
Conservative,10000,100,0.761,140100,43,42,14,1,0.9767441860465116,0.75
Conservative,10000,100,0.762,140100,43,42,14,1,0.9767441860465116,0.75
Conservative,10000,100,0.763,140100,43,42,14,1,0.9767441860465116,0.75
Conservative,10000,100,0.764,140100,43,42,14,1,0.9767441860465116,0.75
Conservative,10000,100,0.765,140100,43,42,14,1,0.9767441860465116,0.75
Conservative,10000,100,0.766,140100,43,42,14,1,0.9767441860465116,0.75
Conservative,10000,100,0.767,140100,43,42,14,1,0.9767441860465116,0.75
Conservative,10000,100,0.768,140100,43,42,14,1,0.9767441860465116,0.75
Conservative,10000,100,0.769,140100,43,42,14,1,0.9767441860465116,0.75
Conservative,10000,100,0.77,140100,43,42,14,1,0.9767441860465116,0.75
Conservative,10000,100,0.771,140100,43,42,14,1,0.9767441860465116,0.75
Conservative,10000,100,0.772,140100,43,42,14,1,0.9767441860465116,0.75
Conservative,10000,100,0.773,140100,43,42,14,1,0.9767441860465116,0.75
Conservative,10000,100,0.774,140100,43,42,14,1,0.9767441860465116,0.75
Conservative,10000,100,0.775,140100,43,42,14,1,0.9767441860465116,0.75
Conservative,10000,100,0.776,140100,43,42,14,1,0.9767441860465116,0.75
Conservative,10000,100,0.777,140100,43,42,14,1,0.9767441860465116,0.75
Conservative,10000,100,0.778,140100,43,42,14,1,0.9767441860465116,0.75
Conservative,10000,100,0.779,140100,43,42,14,1,0.9767441860465116,0.75
Conservative,10000,100,0.78,140100,43,42,14,1,0.9767441860465116,0.75
Conservative,10000,100,0.781,140100,43,42,14,1,0.9767441860465116,0.75
Conservative,10000,100,0.782,140100,43,42,14,1,0.9767441860465116,0.75
Conservative,10000,100,0.783,140100,43,42,14,1,0.9767441860465116,0.75
Conservative,10000,100,0.784,140100,43,42,14,1,0.9767441860465116,0.75
Conservative,10000,100,0.785,140100,43,42,14,1,0.9767441860465116,0.75
Conservative,10000,100,0.786,140100,43,42,14,1,0.9767441860465116,0.75
Conservative,10000,100,0.787,140100,43,42,14,1,0.9767441860465116,0.75
Conservative,10000,100,0.788,140100,43,42,14,1,0.9767441860465116,0.75
Conservative,10000,100,0.789,140100,43,42,14,1,0.9767441860465116,0.75
Conservative,10000,100,0.79,140100,43,42,14,1,0.9767441860465116,0.75
Conservative,10000,100,0.791,140100,43,42,14,1,0.9767441860465116,0.75
Conservative,10000,100,0.792,140100,43,42,14,1,0.9767441860465116,0.75
Conservative,10000,100,0.793,140100,43,42,14,1,0.9767441860465116,0.75
Conservative,10000,100,0.794,140100,43,42,14,1,0.9767441860465116,0.75
Conservative,10000,100,0.795,140100,43,42,14,1,0.9767441860465116,0.75
Conservative,10000,100,0.796,140100,43,42,14,1,0.9767441860465116,0.75
Conservative,10000,100,0.797,140100,43,42,14,1,0.9767441860465116,0.75
Conservative,10000,100,0.798,140100,43,42,14,1,0.9767441860465116,0.75
Conservative,10000,100,0.799,140100,43,42,14,1,0.9767441860465116,0.75
Conservative,10000,100,0.8,140100,43,42,14,1,0.9767441860465116,0.75
Conservative,10000,100,0.801,140100,43,42,14,1,0.9767441860465116,0.75
Conservative,10000,100,0.802,140100,43,42,14,1,0.9767441860465116,0.75
Conservative,10000,100,0.803,140100,43,42,14,1,0.9767441860465116,0.75
Conservative,10000,100,0.804,140100,43,42,14,1,0.9767441860465116,0.75
Conservative,10000,100,0.805,140100,43,42,14,1,0.9767441860465116,0.75
Conservative,10000,100,0.806,140100,43,42,14,1,0.9767441860465116,0.75
Conservative,10000,100,0.807,140100,43,42,14,1,0.9767441860465116,0.75
Conservative,10000,100,0.808,140100,43,42,14,1,0.9767441860465116,0.75
Conservative,10000,100,0.809,140100,43,42,14,1,0.9767441860465116,0.75
Conservative,10000,100,0.81,140100,43,42,14,1,0.9767441860465116,0.75
Conservative,10000,100,0.811,140100,43,42,14,1,0.9767441860465116,0.75
Conservative,10000,100,0.812,140100,43,42,14,1,0.9767441860465116,0.75
Conservative,10000,100,0.8130000000000001,140100,43,42,14,1,0.9767441860465116,0.75
Conservative,10000,100,0.8140000000000001,140100,43,42,14,1,0.9767441860465116,0.75
Conservative,10000,100,0.8150000000000001,140100,43,42,14,1,0.9767441860465116,0.75
Conservative,10000,100,0.8160000000000001,140100,43,42,14,1,0.9767441860465116,0.75
Conservative,10000,100,0.8170000000000001,140100,43,42,14,1,0.9767441860465116,0.75
Conservative,10000,100,0.8180000000000001,140100,43,42,14,1,0.9767441860465116,0.75
Conservative,10000,100,0.8190000000000001,140100,43,42,14,1,0.9767441860465116,0.75
Conservative,10000,100,0.8200000000000001,140100,43,42,14,1,0.9767441860465116,0.75
Conservative,10000,100,0.8210000000000001,140100,43,42,14,1,0.9767441860465116,0.75
Conservative,10000,100,0.8220000000000001,140100,43,42,14,1,0.9767441860465116,0.75
Conservative,10000,100,0.8230000000000001,140100,43,42,14,1,0.9767441860465116,0.75
Conservative,10000,100,0.8240000000000001,140100,43,42,14,1,0.9767441860465116,0.75
Conservative,10000,100,0.8250000000000001,140100,43,42,14,1,0.9767441860465116,0.75
Conservative,10000,100,0.8260000000000001,140100,43,42,14,1,0.9767441860465116,0.75
Conservative,10000,100,0.8270000000000001,140100,43,42,14,1,0.9767441860465116,0.75
Conservative,10000,100,0.8280000000000001,140100,43,42,14,1,0.9767441860465116,0.75
Conservative,10000,100,0.8290000000000001,140100,43,42,14,1,0.9767441860465116,0.75
Conservative,10000,100,0.8300000000000001,140100,43,42,14,1,0.9767441860465116,0.75
Conservative,10000,100,0.8310000000000001,140100,43,42,14,1,0.9767441860465116,0.75
Conservative,10000,100,0.8320000000000001,140100,43,42,14,1,0.9767441860465116,0.75
Conservative,10000,100,0.833,140100,43,42,14,1,0.9767441860465116,0.75
Conservative,10000,100,0.834,140100,43,42,14,1,0.9767441860465116,0.75
Conservative,10000,100,0.835,140100,43,42,14,1,0.9767441860465116,0.75
Conservative,10000,100,0.836,140100,43,42,14,1,0.9767441860465116,0.75
Conservative,10000,100,0.837,140100,43,42,14,1,0.9767441860465116,0.75
Conservative,10000,100,0.838,140100,43,42,14,1,0.9767441860465116,0.75
Conservative,10000,100,0.839,140100,43,42,14,1,0.9767441860465116,0.75
Conservative,10000,100,0.84,140100,43,42,14,1,0.9767441860465116,0.75
Conservative,10000,100,0.841,140100,43,42,14,1,0.9767441860465116,0.75
Conservative,10000,100,0.842,140100,43,42,14,1,0.9767441860465116,0.75
Conservative,10000,100,0.843,140100,43,42,14,1,0.9767441860465116,0.75
Conservative,10000,100,0.844,140100,43,42,14,1,0.9767441860465116,0.75
Conservative,10000,100,0.845,140100,43,42,14,1,0.9767441860465116,0.75
Conservative,10000,100,0.846,140100,43,42,14,1,0.9767441860465116,0.75
Conservative,10000,100,0.847,140100,43,42,14,1,0.9767441860465116,0.75
Conservative,10000,100,0.848,140100,43,42,14,1,0.9767441860465116,0.75
Conservative,10000,100,0.849,140100,43,42,14,1,0.9767441860465116,0.75
Conservative,10000,100,0.85,140100,43,42,14,1,0.9767441860465116,0.75
Conservative,10000,100,0.851,140100,43,42,14,1,0.9767441860465116,0.75
Conservative,10000,100,0.852,140100,43,42,14,1,0.9767441860465116,0.75
Conservative,10000,100,0.853,140100,43,42,14,1,0.9767441860465116,0.75
Conservative,10000,100,0.854,140100,43,42,14,1,0.9767441860465116,0.75
Conservative,10000,100,0.855,140100,43,42,14,1,0.9767441860465116,0.75
Conservative,10000,100,0.856,140100,43,42,14,1,0.9767441860465116,0.75
Conservative,10000,100,0.857,140100,43,42,14,1,0.9767441860465116,0.75
Conservative,10000,100,0.858,140100,43,42,14,1,0.9767441860465116,0.75
Conservative,10000,100,0.859,140100,43,42,14,1,0.9767441860465116,0.75
Conservative,10000,100,0.86,140100,43,42,14,1,0.9767441860465116,0.75
Conservative,10000,100,0.861,140100,43,42,14,1,0.9767441860465116,0.75
Conservative,10000,100,0.862,140100,43,42,14,1,0.9767441860465116,0.75
Conservative,10000,100,0.863,140100,43,42,14,1,0.9767441860465116,0.75
Conservative,10000,100,0.864,140100,43,42,14,1,0.9767441860465116,0.75
Conservative,10000,100,0.865,140100,43,42,14,1,0.9767441860465116,0.75
Conservative,10000,100,0.866,140100,43,42,14,1,0.9767441860465116,0.75
Conservative,10000,100,0.867,140100,43,42,14,1,0.9767441860465116,0.75
Conservative,10000,100,0.868,140100,43,42,14,1,0.9767441860465116,0.75
Conservative,10000,100,0.869,140100,43,42,14,1,0.9767441860465116,0.75
Conservative,10000,100,0.87,140100,43,42,14,1,0.9767441860465116,0.75
Conservative,10000,100,0.871,140100,43,42,14,1,0.9767441860465116,0.75
Conservative,10000,100,0.872,140100,43,42,14,1,0.9767441860465116,0.75
Conservative,10000,100,0.873,140100,43,42,14,1,0.9767441860465116,0.75
Conservative,10000,100,0.874,140100,43,42,14,1,0.9767441860465116,0.75
Conservative,10000,100,0.875,140100,43,42,14,1,0.9767441860465116,0.75
Conservative,10000,100,0.876,140100,43,42,14,1,0.9767441860465116,0.75
Conservative,10000,100,0.877,140100,43,42,14,1,0.9767441860465116,0.75
Conservative,10000,100,0.878,140100,43,42,14,1,0.9767441860465116,0.75
Conservative,10000,100,0.879,140100,43,42,14,1,0.9767441860465116,0.75
Conservative,10000,100,0.88,140100,43,42,14,1,0.9767441860465116,0.75
Conservative,10000,100,0.881,140100,43,42,14,1,0.9767441860465116,0.75
Conservative,10000,100,0.882,140100,43,42,14,1,0.9767441860465116,0.75
Conservative,10000,100,0.883,140100,43,42,14,1,0.9767441860465116,0.75
Conservative,10000,100,0.884,140100,43,42,14,1,0.9767441860465116,0.75
Conservative,10000,100,0.885,140100,43,42,14,1,0.9767441860465116,0.75
Conservative,10000,100,0.886,140100,43,42,14,1,0.9767441860465116,0.75
Conservative,10000,100,0.887,140100,43,42,14,1,0.9767441860465116,0.75
Conservative,10000,100,0.888,140100,43,42,14,1,0.9767441860465116,0.75
Conservative,10000,100,0.889,140100,43,42,14,1,0.9767441860465116,0.75
Conservative,10000,100,0.89,140100,43,42,14,1,0.9767441860465116,0.75
Conservative,10000,100,0.891,140100,43,42,14,1,0.9767441860465116,0.75
Conservative,10000,100,0.892,140100,43,42,14,1,0.9767441860465116,0.75
Conservative,10000,100,0.893,140100,43,42,14,1,0.9767441860465116,0.75
Conservative,10000,100,0.894,140100,43,42,14,1,0.9767441860465116,0.75
Conservative,10000,100,0.895,140100,43,42,14,1,0.9767441860465116,0.75
Conservative,10000,100,0.896,140100,43,42,14,1,0.9767441860465116,0.75
Conservative,10000,100,0.897,140100,43,42,14,1,0.9767441860465116,0.75
Conservative,10000,100,0.898,140100,43,42,14,1,0.9767441860465116,0.75
Conservative,10000,100,0.899,140100,43,42,14,1,0.9767441860465116,0.75
Conservative,10000,100,0.9,140100,43,42,14,1,0.9767441860465116,0.75
Conservative,10000,100,0.901,140100,43,42,14,1,0.9767441860465116,0.75
Conservative,10000,100,0.902,140100,43,42,14,1,0.9767441860465116,0.75
Conservative,10000,100,0.903,140100,43,42,14,1,0.9767441860465116,0.75
Conservative,10000,100,0.904,140100,43,42,14,1,0.9767441860465116,0.75
Conservative,10000,100,0.905,140100,43,42,14,1,0.9767441860465116,0.75
Conservative,10000,100,0.906,140100,43,42,14,1,0.9767441860465116,0.75
Conservative,10000,100,0.907,140100,43,42,14,1,0.9767441860465116,0.75
Conservative,10000,100,0.908,140100,43,42,14,1,0.9767441860465116,0.75
Conservative,10000,100,0.909,140100,43,42,14,1,0.9767441860465116,0.75
Conservative,10000,100,0.91,140100,43,42,14,1,0.9767441860465116,0.75
Conservative,10000,100,0.911,140100,43,42,14,1,0.9767441860465116,0.75
Conservative,10000,100,0.912,140100,43,42,14,1,0.9767441860465116,0.75
Conservative,10000,100,0.913,140100,43,42,14,1,0.9767441860465116,0.75
Conservative,10000,100,0.914,140100,43,42,14,1,0.9767441860465116,0.75
Conservative,10000,100,0.915,140100,43,42,14,1,0.9767441860465116,0.75
Conservative,10000,100,0.916,140100,43,42,14,1,0.9767441860465116,0.75
Conservative,10000,100,0.917,140100,43,42,14,1,0.9767441860465116,0.75
Conservative,10000,100,0.918,140100,43,42,14,1,0.9767441860465116,0.75
Conservative,10000,100,0.919,140100,43,42,14,1,0.9767441860465116,0.75
Conservative,10000,100,0.92,140100,43,42,14,1,0.9767441860465116,0.75
Conservative,10000,100,0.921,140100,43,42,14,1,0.9767441860465116,0.75
Conservative,10000,100,0.922,140100,43,42,14,1,0.9767441860465116,0.75
Conservative,10000,100,0.923,140100,43,42,14,1,0.9767441860465116,0.75
Conservative,10000,100,0.924,140100,43,42,14,1,0.9767441860465116,0.75
Conservative,10000,100,0.925,140100,43,42,14,1,0.9767441860465116,0.75
Conservative,10000,100,0.926,140100,43,42,14,1,0.9767441860465116,0.75
Conservative,10000,100,0.927,140100,43,42,14,1,0.9767441860465116,0.75
Conservative,10000,100,0.928,140100,43,42,14,1,0.9767441860465116,0.75
Conservative,10000,100,0.929,140100,43,42,14,1,0.9767441860465116,0.75
Conservative,10000,100,0.93,140100,43,42,14,1,0.9767441860465116,0.75
Conservative,10000,100,0.931,140100,43,42,14,1,0.9767441860465116,0.75
Conservative,10000,100,0.932,140100,43,42,14,1,0.9767441860465116,0.75
Conservative,10000,100,0.933,140100,43,42,14,1,0.9767441860465116,0.75
Conservative,10000,100,0.934,140100,43,42,14,1,0.9767441860465116,0.75
Conservative,10000,100,0.935,140100,43,42,14,1,0.9767441860465116,0.75
Conservative,10000,100,0.936,140100,43,42,14,1,0.9767441860465116,0.75
Conservative,10000,100,0.937,140100,43,42,14,1,0.9767441860465116,0.75
Conservative,10000,100,0.9380000000000001,140100,43,42,14,1,0.9767441860465116,0.75
Conservative,10000,100,0.9390000000000001,140100,43,42,14,1,0.9767441860465116,0.75
Conservative,10000,100,0.9400000000000001,140100,43,42,14,1,0.9767441860465116,0.75
Conservative,10000,100,0.9410000000000001,140100,43,42,14,1,0.9767441860465116,0.75
Conservative,10000,100,0.9420000000000001,140100,43,42,14,1,0.9767441860465116,0.75
Conservative,10000,100,0.9430000000000001,140100,43,42,14,1,0.9767441860465116,0.75
Conservative,10000,100,0.9440000000000001,140100,43,42,14,1,0.9767441860465116,0.75
Conservative,10000,100,0.9450000000000001,140100,43,42,14,1,0.9767441860465116,0.75
Conservative,10000,100,0.9460000000000001,140100,43,42,14,1,0.9767441860465116,0.75
Conservative,10000,100,0.9470000000000001,140100,43,42,14,1,0.9767441860465116,0.75
Conservative,10000,100,0.9480000000000001,140100,43,42,14,1,0.9767441860465116,0.75
Conservative,10000,100,0.9490000000000001,140100,43,42,14,1,0.9767441860465116,0.75
Conservative,10000,100,0.9500000000000001,140100,43,42,14,1,0.9767441860465116,0.75
Conservative,10000,100,0.9510000000000001,140100,43,42,14,1,0.9767441860465116,0.75
Conservative,10000,100,0.9520000000000001,140100,43,42,14,1,0.9767441860465116,0.75
Conservative,10000,100,0.9530000000000001,140100,43,42,14,1,0.9767441860465116,0.75
Conservative,10000,100,0.9540000000000001,140100,43,42,14,1,0.9767441860465116,0.75
Conservative,10000,100,0.9550000000000001,140100,43,42,14,1,0.9767441860465116,0.75
Conservative,10000,100,0.9560000000000001,140100,43,42,14,1,0.9767441860465116,0.75
Conservative,10000,100,0.9570000000000001,140100,43,42,14,1,0.9767441860465116,0.75
Conservative,10000,100,0.9580000000000001,140100,43,42,14,1,0.9767441860465116,0.75
Conservative,10000,100,0.9590000000000001,140100,43,42,14,1,0.9767441860465116,0.75
Conservative,10000,100,0.96,140100,43,42,14,1,0.9767441860465116,0.75
Conservative,10000,100,0.961,140100,43,42,14,1,0.9767441860465116,0.75
Conservative,10000,100,0.962,140100,43,42,14,1,0.9767441860465116,0.75
Conservative,10000,100,0.963,150100,42,41,15,1,0.9761904761904762,0.7321428571428571
Conservative,10000,100,0.964,150100,42,41,15,1,0.9761904761904762,0.7321428571428571
Conservative,10000,100,0.965,150100,42,41,15,1,0.9761904761904762,0.7321428571428571
Conservative,10000,100,0.966,150100,42,41,15,1,0.9761904761904762,0.7321428571428571
Conservative,10000,100,0.967,150100,42,41,15,1,0.9761904761904762,0.7321428571428571
Conservative,10000,100,0.968,160100,41,40,16,1,0.975609756097561,0.7142857142857143
Conservative,10000,100,0.969,160100,41,40,16,1,0.975609756097561,0.7142857142857143
Conservative,10000,100,0.97,160100,41,40,16,1,0.975609756097561,0.7142857142857143
Conservative,10000,100,0.971,160100,41,40,16,1,0.975609756097561,0.7142857142857143
Conservative,10000,100,0.972,160100,41,40,16,1,0.975609756097561,0.7142857142857143
Conservative,10000,100,0.973,160100,41,40,16,1,0.975609756097561,0.7142857142857143
Conservative,10000,100,0.974,160100,41,40,16,1,0.975609756097561,0.7142857142857143
Conservative,10000,100,0.975,160100,41,40,16,1,0.975609756097561,0.7142857142857143
Conservative,10000,100,0.976,160100,41,40,16,1,0.975609756097561,0.7142857142857143
Conservative,10000,100,0.977,160000,40,40,16,0,1.0,0.7142857142857143
Conservative,10000,100,0.978,160000,40,40,16,0,1.0,0.7142857142857143
Conservative,10000,100,0.979,160000,40,40,16,0,1.0,0.7142857142857143
Conservative,10000,100,0.98,160000,40,40,16,0,1.0,0.7142857142857143
Conservative,10000,100,0.981,160000,40,40,16,0,1.0,0.7142857142857143
Conservative,10000,100,0.982,160000,40,40,16,0,1.0,0.7142857142857143
Conservative,10000,100,0.983,160000,40,40,16,0,1.0,0.7142857142857143
Conservative,10000,100,0.984,160000,40,40,16,0,1.0,0.7142857142857143
Conservative,10000,100,0.985,160000,40,40,16,0,1.0,0.7142857142857143
Conservative,10000,100,0.986,160000,40,40,16,0,1.0,0.7142857142857143
Conservative,10000,100,0.987,160000,40,40,16,0,1.0,0.7142857142857143
Conservative,10000,100,0.988,180000,38,38,18,0,1.0,0.6785714285714286
Conservative,10000,100,0.989,180000,38,38,18,0,1.0,0.6785714285714286
Conservative,10000,100,0.99,180000,38,38,18,0,1.0,0.6785714285714286
Conservative,10000,100,0.991,180000,38,38,18,0,1.0,0.6785714285714286
Conservative,10000,100,0.992,180000,38,38,18,0,1.0,0.6785714285714286
Conservative,10000,100,0.993,180000,38,38,18,0,1.0,0.6785714285714286
Conservative,10000,100,0.994,180000,38,38,18,0,1.0,0.6785714285714286
Conservative,10000,100,0.995,190000,37,37,19,0,1.0,0.6607142857142857
Conservative,10000,100,0.996,190000,37,37,19,0,1.0,0.6607142857142857
Conservative,10000,100,0.997,190000,37,37,19,0,1.0,0.6607142857142857
Conservative,10000,100,0.998,190000,37,37,19,0,1.0,0.6607142857142857
Conservative,10000,100,0.999,200000,36,36,20,0,1.0,0.6428571428571429
Base Case,5000,150,0.001,68700,308,50,6,258,0.16233766233766234,0.8928571428571429
Base Case,5000,150,0.002,54300,212,50,6,162,0.2358490566037736,0.8928571428571429
Base Case,5000,150,0.003,53300,171,49,7,122,0.28654970760233917,0.875
Base Case,5000,150,0.004,48950,142,49,7,93,0.34507042253521125,0.875
Base Case,5000,150,0.005,46400,125,49,7,76,0.392,0.875
Base Case,5000,150,0.006,45800,121,49,7,72,0.4049586776859504,0.875
Base Case,5000,150,0.007,44000,109,49,7,60,0.44954128440366975,0.875
Base Case,5000,150,0.008,42800,101,49,7,52,0.48514851485148514,0.875
Base Case,5000,150,0.009000000000000001,42200,97,49,7,48,0.5051546391752577,0.875
Base Case,5000,150,0.01,41600,93,49,7,44,0.5268817204301075,0.875
Base Case,5000,150,0.011,41150,90,49,7,41,0.5444444444444444,0.875
Base Case,5000,150,0.012,40400,85,49,7,36,0.5764705882352941,0.875
Base Case,5000,150,0.013000000000000001,40400,85,49,7,36,0.5764705882352941,0.875
Base Case,5000,150,0.014,40250,84,49,7,35,0.5833333333333334,0.875
Base Case,5000,150,0.015,39950,82,49,7,33,0.5975609756097561,0.875
Base Case,5000,150,0.016,39650,80,49,7,31,0.6125,0.875
Base Case,5000,150,0.017,39500,79,49,7,30,0.620253164556962,0.875
Base Case,5000,150,0.018000000000000002,39200,77,49,7,28,0.6363636363636364,0.875
Base Case,5000,150,0.019,38900,75,49,7,26,0.6533333333333333,0.875
Base Case,5000,150,0.02,43600,72,48,8,24,0.6666666666666666,0.8571428571428571
Base Case,5000,150,0.021,43600,72,48,8,24,0.6666666666666666,0.8571428571428571
Base Case,5000,150,0.022,43450,71,48,8,23,0.676056338028169,0.8571428571428571
Base Case,5000,150,0.023,43450,71,48,8,23,0.676056338028169,0.8571428571428571
Base Case,5000,150,0.024,43300,70,48,8,22,0.6857142857142857,0.8571428571428571
Base Case,5000,150,0.025,43150,69,48,8,21,0.6956521739130435,0.8571428571428571
Base Case,5000,150,0.026000000000000002,43000,68,48,8,20,0.7058823529411765,0.8571428571428571
Base Case,5000,150,0.027,42850,67,48,8,19,0.7164179104477612,0.8571428571428571
Base Case,5000,150,0.028,42850,67,48,8,19,0.7164179104477612,0.8571428571428571
Base Case,5000,150,0.029,42850,67,48,8,19,0.7164179104477612,0.8571428571428571
Base Case,5000,150,0.03,42850,67,48,8,19,0.7164179104477612,0.8571428571428571
Base Case,5000,150,0.031,47700,65,47,9,18,0.7230769230769231,0.8392857142857143
Base Case,5000,150,0.032,47550,64,47,9,17,0.734375,0.8392857142857143
Base Case,5000,150,0.033,47550,64,47,9,17,0.734375,0.8392857142857143
Base Case,5000,150,0.034,47400,63,47,9,16,0.746031746031746,0.8392857142857143
Base Case,5000,150,0.035,47100,61,47,9,14,0.7704918032786885,0.8392857142857143
Base Case,5000,150,0.036000000000000004,52100,60,46,10,14,0.7666666666666667,0.8214285714285714
Base Case,5000,150,0.037,52100,60,46,10,14,0.7666666666666667,0.8214285714285714
Base Case,5000,150,0.038,52100,60,46,10,14,0.7666666666666667,0.8214285714285714
Base Case,5000,150,0.039,52100,60,46,10,14,0.7666666666666667,0.8214285714285714
Base Case,5000,150,0.04,52100,60,46,10,14,0.7666666666666667,0.8214285714285714
Base Case,5000,150,0.041,52100,60,46,10,14,0.7666666666666667,0.8214285714285714
Base Case,5000,150,0.042,52100,60,46,10,14,0.7666666666666667,0.8214285714285714
Base Case,5000,150,0.043000000000000003,51950,59,46,10,13,0.7796610169491526,0.8214285714285714
Base Case,5000,150,0.044,51950,59,46,10,13,0.7796610169491526,0.8214285714285714
Base Case,5000,150,0.045,51950,59,46,10,13,0.7796610169491526,0.8214285714285714
Base Case,5000,150,0.046,51950,59,46,10,13,0.7796610169491526,0.8214285714285714
Base Case,5000,150,0.047,51950,59,46,10,13,0.7796610169491526,0.8214285714285714
Base Case,5000,150,0.048,51950,59,46,10,13,0.7796610169491526,0.8214285714285714
Base Case,5000,150,0.049,51950,59,46,10,13,0.7796610169491526,0.8214285714285714
Base Case,5000,150,0.05,51950,59,46,10,13,0.7796610169491526,0.8214285714285714
Base Case,5000,150,0.051000000000000004,51950,59,46,10,13,0.7796610169491526,0.8214285714285714
Base Case,5000,150,0.052000000000000005,51950,59,46,10,13,0.7796610169491526,0.8214285714285714
Base Case,5000,150,0.053,51800,58,46,10,12,0.7931034482758621,0.8214285714285714
Base Case,5000,150,0.054,51800,58,46,10,12,0.7931034482758621,0.8214285714285714
Base Case,5000,150,0.055,51800,58,46,10,12,0.7931034482758621,0.8214285714285714
Base Case,5000,150,0.056,51800,58,46,10,12,0.7931034482758621,0.8214285714285714
Base Case,5000,150,0.057,51800,58,46,10,12,0.7931034482758621,0.8214285714285714
Base Case,5000,150,0.058,51800,58,46,10,12,0.7931034482758621,0.8214285714285714
Base Case,5000,150,0.059000000000000004,51800,58,46,10,12,0.7931034482758621,0.8214285714285714
Base Case,5000,150,0.06,51800,58,46,10,12,0.7931034482758621,0.8214285714285714
Base Case,5000,150,0.061,51800,58,46,10,12,0.7931034482758621,0.8214285714285714
Base Case,5000,150,0.062,51800,58,46,10,12,0.7931034482758621,0.8214285714285714
Base Case,5000,150,0.063,51800,58,46,10,12,0.7931034482758621,0.8214285714285714
Base Case,5000,150,0.064,51800,58,46,10,12,0.7931034482758621,0.8214285714285714
Base Case,5000,150,0.065,51800,58,46,10,12,0.7931034482758621,0.8214285714285714
Base Case,5000,150,0.066,51650,57,46,10,11,0.8070175438596491,0.8214285714285714
Base Case,5000,150,0.067,51500,56,46,10,10,0.8214285714285714,0.8214285714285714
Base Case,5000,150,0.068,51500,56,46,10,10,0.8214285714285714,0.8214285714285714
Base Case,5000,150,0.069,51500,56,46,10,10,0.8214285714285714,0.8214285714285714
Base Case,5000,150,0.07,51500,56,46,10,10,0.8214285714285714,0.8214285714285714
Base Case,5000,150,0.07100000000000001,51500,56,46,10,10,0.8214285714285714,0.8214285714285714
Base Case,5000,150,0.07200000000000001,51500,56,46,10,10,0.8214285714285714,0.8214285714285714
Base Case,5000,150,0.073,51500,56,46,10,10,0.8214285714285714,0.8214285714285714
Base Case,5000,150,0.074,51500,56,46,10,10,0.8214285714285714,0.8214285714285714
Base Case,5000,150,0.075,51500,56,46,10,10,0.8214285714285714,0.8214285714285714
Base Case,5000,150,0.076,51500,56,46,10,10,0.8214285714285714,0.8214285714285714
Base Case,5000,150,0.077,51500,56,46,10,10,0.8214285714285714,0.8214285714285714
Base Case,5000,150,0.078,51500,56,46,10,10,0.8214285714285714,0.8214285714285714
Base Case,5000,150,0.079,51500,56,46,10,10,0.8214285714285714,0.8214285714285714
Base Case,5000,150,0.08,51500,56,46,10,10,0.8214285714285714,0.8214285714285714
Base Case,5000,150,0.081,51350,55,46,10,9,0.8363636363636363,0.8214285714285714
Base Case,5000,150,0.082,51350,55,46,10,9,0.8363636363636363,0.8214285714285714
Base Case,5000,150,0.083,51350,55,46,10,9,0.8363636363636363,0.8214285714285714
Base Case,5000,150,0.084,51350,55,46,10,9,0.8363636363636363,0.8214285714285714
Base Case,5000,150,0.085,51350,55,46,10,9,0.8363636363636363,0.8214285714285714
Base Case,5000,150,0.08600000000000001,51200,54,46,10,8,0.8518518518518519,0.8214285714285714
Base Case,5000,150,0.08700000000000001,51200,54,46,10,8,0.8518518518518519,0.8214285714285714
Base Case,5000,150,0.088,51200,54,46,10,8,0.8518518518518519,0.8214285714285714
Base Case,5000,150,0.089,51200,54,46,10,8,0.8518518518518519,0.8214285714285714
Base Case,5000,150,0.09,51200,54,46,10,8,0.8518518518518519,0.8214285714285714
Base Case,5000,150,0.091,51200,54,46,10,8,0.8518518518518519,0.8214285714285714
Base Case,5000,150,0.092,51200,54,46,10,8,0.8518518518518519,0.8214285714285714
Base Case,5000,150,0.093,51200,54,46,10,8,0.8518518518518519,0.8214285714285714
Base Case,5000,150,0.094,51200,54,46,10,8,0.8518518518518519,0.8214285714285714
Base Case,5000,150,0.095,51200,54,46,10,8,0.8518518518518519,0.8214285714285714
Base Case,5000,150,0.096,51200,54,46,10,8,0.8518518518518519,0.8214285714285714
Base Case,5000,150,0.097,51200,54,46,10,8,0.8518518518518519,0.8214285714285714
Base Case,5000,150,0.098,51200,54,46,10,8,0.8518518518518519,0.8214285714285714
Base Case,5000,150,0.099,51200,54,46,10,8,0.8518518518518519,0.8214285714285714
Base Case,5000,150,0.1,51200,54,46,10,8,0.8518518518518519,0.8214285714285714
Base Case,5000,150,0.101,51200,54,46,10,8,0.8518518518518519,0.8214285714285714
Base Case,5000,150,0.10200000000000001,51200,54,46,10,8,0.8518518518518519,0.8214285714285714
Base Case,5000,150,0.10300000000000001,51200,54,46,10,8,0.8518518518518519,0.8214285714285714
Base Case,5000,150,0.10400000000000001,51200,54,46,10,8,0.8518518518518519,0.8214285714285714
Base Case,5000,150,0.105,51200,54,46,10,8,0.8518518518518519,0.8214285714285714
Base Case,5000,150,0.106,51200,54,46,10,8,0.8518518518518519,0.8214285714285714
Base Case,5000,150,0.107,51200,54,46,10,8,0.8518518518518519,0.8214285714285714
Base Case,5000,150,0.108,51200,54,46,10,8,0.8518518518518519,0.8214285714285714
Base Case,5000,150,0.109,51200,54,46,10,8,0.8518518518518519,0.8214285714285714
Base Case,5000,150,0.11,51200,54,46,10,8,0.8518518518518519,0.8214285714285714
Base Case,5000,150,0.111,51200,54,46,10,8,0.8518518518518519,0.8214285714285714
Base Case,5000,150,0.112,51200,54,46,10,8,0.8518518518518519,0.8214285714285714
Base Case,5000,150,0.113,51200,54,46,10,8,0.8518518518518519,0.8214285714285714
Base Case,5000,150,0.114,51200,54,46,10,8,0.8518518518518519,0.8214285714285714
Base Case,5000,150,0.115,51200,54,46,10,8,0.8518518518518519,0.8214285714285714
Base Case,5000,150,0.116,51200,54,46,10,8,0.8518518518518519,0.8214285714285714
Base Case,5000,150,0.117,51200,54,46,10,8,0.8518518518518519,0.8214285714285714
Base Case,5000,150,0.11800000000000001,51200,54,46,10,8,0.8518518518518519,0.8214285714285714
Base Case,5000,150,0.11900000000000001,51200,54,46,10,8,0.8518518518518519,0.8214285714285714
Base Case,5000,150,0.12,51200,54,46,10,8,0.8518518518518519,0.8214285714285714
Base Case,5000,150,0.121,51200,54,46,10,8,0.8518518518518519,0.8214285714285714
Base Case,5000,150,0.122,51200,54,46,10,8,0.8518518518518519,0.8214285714285714
Base Case,5000,150,0.123,51200,54,46,10,8,0.8518518518518519,0.8214285714285714
Base Case,5000,150,0.124,51200,54,46,10,8,0.8518518518518519,0.8214285714285714
Base Case,5000,150,0.125,51200,54,46,10,8,0.8518518518518519,0.8214285714285714
Base Case,5000,150,0.126,51200,54,46,10,8,0.8518518518518519,0.8214285714285714
Base Case,5000,150,0.127,51200,54,46,10,8,0.8518518518518519,0.8214285714285714
Base Case,5000,150,0.128,51200,54,46,10,8,0.8518518518518519,0.8214285714285714
Base Case,5000,150,0.129,51200,54,46,10,8,0.8518518518518519,0.8214285714285714
Base Case,5000,150,0.13,51200,54,46,10,8,0.8518518518518519,0.8214285714285714
Base Case,5000,150,0.131,51200,54,46,10,8,0.8518518518518519,0.8214285714285714
Base Case,5000,150,0.132,51200,54,46,10,8,0.8518518518518519,0.8214285714285714
Base Case,5000,150,0.133,51200,54,46,10,8,0.8518518518518519,0.8214285714285714
Base Case,5000,150,0.134,51200,54,46,10,8,0.8518518518518519,0.8214285714285714
Base Case,5000,150,0.135,51200,54,46,10,8,0.8518518518518519,0.8214285714285714
Base Case,5000,150,0.136,51200,54,46,10,8,0.8518518518518519,0.8214285714285714
Base Case,5000,150,0.137,51200,54,46,10,8,0.8518518518518519,0.8214285714285714
Base Case,5000,150,0.138,51200,54,46,10,8,0.8518518518518519,0.8214285714285714
Base Case,5000,150,0.139,51200,54,46,10,8,0.8518518518518519,0.8214285714285714
Base Case,5000,150,0.14,51200,54,46,10,8,0.8518518518518519,0.8214285714285714
Base Case,5000,150,0.14100000000000001,51200,54,46,10,8,0.8518518518518519,0.8214285714285714
Base Case,5000,150,0.14200000000000002,51200,54,46,10,8,0.8518518518518519,0.8214285714285714
Base Case,5000,150,0.14300000000000002,51200,54,46,10,8,0.8518518518518519,0.8214285714285714
Base Case,5000,150,0.14400000000000002,51200,54,46,10,8,0.8518518518518519,0.8214285714285714
Base Case,5000,150,0.145,51200,54,46,10,8,0.8518518518518519,0.8214285714285714
Base Case,5000,150,0.146,51200,54,46,10,8,0.8518518518518519,0.8214285714285714
Base Case,5000,150,0.147,51200,54,46,10,8,0.8518518518518519,0.8214285714285714
Base Case,5000,150,0.148,51200,54,46,10,8,0.8518518518518519,0.8214285714285714
Base Case,5000,150,0.149,51200,54,46,10,8,0.8518518518518519,0.8214285714285714
Base Case,5000,150,0.15,51200,54,46,10,8,0.8518518518518519,0.8214285714285714
Base Case,5000,150,0.151,51200,54,46,10,8,0.8518518518518519,0.8214285714285714
Base Case,5000,150,0.152,51200,54,46,10,8,0.8518518518518519,0.8214285714285714
Base Case,5000,150,0.153,51200,54,46,10,8,0.8518518518518519,0.8214285714285714
Base Case,5000,150,0.154,51200,54,46,10,8,0.8518518518518519,0.8214285714285714
Base Case,5000,150,0.155,51200,54,46,10,8,0.8518518518518519,0.8214285714285714
Base Case,5000,150,0.156,51200,54,46,10,8,0.8518518518518519,0.8214285714285714
Base Case,5000,150,0.157,51200,54,46,10,8,0.8518518518518519,0.8214285714285714
Base Case,5000,150,0.158,51200,54,46,10,8,0.8518518518518519,0.8214285714285714
Base Case,5000,150,0.159,51200,54,46,10,8,0.8518518518518519,0.8214285714285714
Base Case,5000,150,0.16,51200,54,46,10,8,0.8518518518518519,0.8214285714285714
Base Case,5000,150,0.161,51200,54,46,10,8,0.8518518518518519,0.8214285714285714
Base Case,5000,150,0.162,51200,54,46,10,8,0.8518518518518519,0.8214285714285714
Base Case,5000,150,0.163,51200,54,46,10,8,0.8518518518518519,0.8214285714285714
Base Case,5000,150,0.164,51200,54,46,10,8,0.8518518518518519,0.8214285714285714
Base Case,5000,150,0.165,51200,54,46,10,8,0.8518518518518519,0.8214285714285714
Base Case,5000,150,0.166,51200,54,46,10,8,0.8518518518518519,0.8214285714285714
Base Case,5000,150,0.167,51200,54,46,10,8,0.8518518518518519,0.8214285714285714
Base Case,5000,150,0.168,51200,54,46,10,8,0.8518518518518519,0.8214285714285714
Base Case,5000,150,0.169,56200,53,45,11,8,0.8490566037735849,0.8035714285714286
Base Case,5000,150,0.17,56200,53,45,11,8,0.8490566037735849,0.8035714285714286
Base Case,5000,150,0.171,56200,53,45,11,8,0.8490566037735849,0.8035714285714286
Base Case,5000,150,0.17200000000000001,56200,53,45,11,8,0.8490566037735849,0.8035714285714286
Base Case,5000,150,0.17300000000000001,56200,53,45,11,8,0.8490566037735849,0.8035714285714286
Base Case,5000,150,0.17400000000000002,56200,53,45,11,8,0.8490566037735849,0.8035714285714286
Base Case,5000,150,0.17500000000000002,56200,53,45,11,8,0.8490566037735849,0.8035714285714286
Base Case,5000,150,0.176,56200,53,45,11,8,0.8490566037735849,0.8035714285714286
Base Case,5000,150,0.177,56200,53,45,11,8,0.8490566037735849,0.8035714285714286
Base Case,5000,150,0.178,56200,53,45,11,8,0.8490566037735849,0.8035714285714286
Base Case,5000,150,0.179,56200,53,45,11,8,0.8490566037735849,0.8035714285714286
Base Case,5000,150,0.18,56200,53,45,11,8,0.8490566037735849,0.8035714285714286
Base Case,5000,150,0.181,56200,53,45,11,8,0.8490566037735849,0.8035714285714286
Base Case,5000,150,0.182,56200,53,45,11,8,0.8490566037735849,0.8035714285714286
Base Case,5000,150,0.183,56200,53,45,11,8,0.8490566037735849,0.8035714285714286
Base Case,5000,150,0.184,61200,52,44,12,8,0.8461538461538461,0.7857142857142857
Base Case,5000,150,0.185,61200,52,44,12,8,0.8461538461538461,0.7857142857142857
Base Case,5000,150,0.186,61200,52,44,12,8,0.8461538461538461,0.7857142857142857
Base Case,5000,150,0.187,61200,52,44,12,8,0.8461538461538461,0.7857142857142857
Base Case,5000,150,0.188,61200,52,44,12,8,0.8461538461538461,0.7857142857142857
Base Case,5000,150,0.189,61200,52,44,12,8,0.8461538461538461,0.7857142857142857
Base Case,5000,150,0.19,61200,52,44,12,8,0.8461538461538461,0.7857142857142857
Base Case,5000,150,0.191,61200,52,44,12,8,0.8461538461538461,0.7857142857142857
Base Case,5000,150,0.192,61200,52,44,12,8,0.8461538461538461,0.7857142857142857
Base Case,5000,150,0.193,61200,52,44,12,8,0.8461538461538461,0.7857142857142857
Base Case,5000,150,0.194,61200,52,44,12,8,0.8461538461538461,0.7857142857142857
Base Case,5000,150,0.195,61200,52,44,12,8,0.8461538461538461,0.7857142857142857
Base Case,5000,150,0.196,61200,52,44,12,8,0.8461538461538461,0.7857142857142857
Base Case,5000,150,0.197,61200,52,44,12,8,0.8461538461538461,0.7857142857142857
Base Case,5000,150,0.198,61200,52,44,12,8,0.8461538461538461,0.7857142857142857
Base Case,5000,150,0.199,61200,52,44,12,8,0.8461538461538461,0.7857142857142857
Base Case,5000,150,0.2,61200,52,44,12,8,0.8461538461538461,0.7857142857142857
Base Case,5000,150,0.201,61200,52,44,12,8,0.8461538461538461,0.7857142857142857
Base Case,5000,150,0.202,61200,52,44,12,8,0.8461538461538461,0.7857142857142857
Base Case,5000,150,0.203,61200,52,44,12,8,0.8461538461538461,0.7857142857142857
Base Case,5000,150,0.20400000000000001,61200,52,44,12,8,0.8461538461538461,0.7857142857142857
Base Case,5000,150,0.20500000000000002,61200,52,44,12,8,0.8461538461538461,0.7857142857142857
Base Case,5000,150,0.20600000000000002,61200,52,44,12,8,0.8461538461538461,0.7857142857142857
Base Case,5000,150,0.20700000000000002,61200,52,44,12,8,0.8461538461538461,0.7857142857142857
Base Case,5000,150,0.20800000000000002,61200,52,44,12,8,0.8461538461538461,0.7857142857142857
Base Case,5000,150,0.209,61200,52,44,12,8,0.8461538461538461,0.7857142857142857
Base Case,5000,150,0.21,61200,52,44,12,8,0.8461538461538461,0.7857142857142857
Base Case,5000,150,0.211,61200,52,44,12,8,0.8461538461538461,0.7857142857142857
Base Case,5000,150,0.212,61200,52,44,12,8,0.8461538461538461,0.7857142857142857
Base Case,5000,150,0.213,61200,52,44,12,8,0.8461538461538461,0.7857142857142857
Base Case,5000,150,0.214,61200,52,44,12,8,0.8461538461538461,0.7857142857142857
Base Case,5000,150,0.215,61200,52,44,12,8,0.8461538461538461,0.7857142857142857
Base Case,5000,150,0.216,61200,52,44,12,8,0.8461538461538461,0.7857142857142857
Base Case,5000,150,0.217,61200,52,44,12,8,0.8461538461538461,0.7857142857142857
Base Case,5000,150,0.218,61200,52,44,12,8,0.8461538461538461,0.7857142857142857
Base Case,5000,150,0.219,61200,52,44,12,8,0.8461538461538461,0.7857142857142857
Base Case,5000,150,0.22,61200,52,44,12,8,0.8461538461538461,0.7857142857142857
Base Case,5000,150,0.221,61200,52,44,12,8,0.8461538461538461,0.7857142857142857
Base Case,5000,150,0.222,61200,52,44,12,8,0.8461538461538461,0.7857142857142857
Base Case,5000,150,0.223,61200,52,44,12,8,0.8461538461538461,0.7857142857142857
Base Case,5000,150,0.224,61200,52,44,12,8,0.8461538461538461,0.7857142857142857
Base Case,5000,150,0.225,61200,52,44,12,8,0.8461538461538461,0.7857142857142857
Base Case,5000,150,0.226,61200,52,44,12,8,0.8461538461538461,0.7857142857142857
Base Case,5000,150,0.227,61200,52,44,12,8,0.8461538461538461,0.7857142857142857
Base Case,5000,150,0.228,61200,52,44,12,8,0.8461538461538461,0.7857142857142857
Base Case,5000,150,0.229,61200,52,44,12,8,0.8461538461538461,0.7857142857142857
Base Case,5000,150,0.23,61200,52,44,12,8,0.8461538461538461,0.7857142857142857
Base Case,5000,150,0.231,61200,52,44,12,8,0.8461538461538461,0.7857142857142857
Base Case,5000,150,0.232,61200,52,44,12,8,0.8461538461538461,0.7857142857142857
Base Case,5000,150,0.233,61200,52,44,12,8,0.8461538461538461,0.7857142857142857
Base Case,5000,150,0.234,61200,52,44,12,8,0.8461538461538461,0.7857142857142857
Base Case,5000,150,0.23500000000000001,61200,52,44,12,8,0.8461538461538461,0.7857142857142857
Base Case,5000,150,0.23600000000000002,61200,52,44,12,8,0.8461538461538461,0.7857142857142857
Base Case,5000,150,0.23700000000000002,61200,52,44,12,8,0.8461538461538461,0.7857142857142857
Base Case,5000,150,0.23800000000000002,61200,52,44,12,8,0.8461538461538461,0.7857142857142857
Base Case,5000,150,0.23900000000000002,61200,52,44,12,8,0.8461538461538461,0.7857142857142857
Base Case,5000,150,0.24,61200,52,44,12,8,0.8461538461538461,0.7857142857142857
Base Case,5000,150,0.241,61200,52,44,12,8,0.8461538461538461,0.7857142857142857
Base Case,5000,150,0.242,61200,52,44,12,8,0.8461538461538461,0.7857142857142857
Base Case,5000,150,0.243,61200,52,44,12,8,0.8461538461538461,0.7857142857142857
Base Case,5000,150,0.244,61200,52,44,12,8,0.8461538461538461,0.7857142857142857
Base Case,5000,150,0.245,61200,52,44,12,8,0.8461538461538461,0.7857142857142857
Base Case,5000,150,0.246,61200,52,44,12,8,0.8461538461538461,0.7857142857142857
Base Case,5000,150,0.247,61200,52,44,12,8,0.8461538461538461,0.7857142857142857
Base Case,5000,150,0.248,61200,52,44,12,8,0.8461538461538461,0.7857142857142857
Base Case,5000,150,0.249,61200,52,44,12,8,0.8461538461538461,0.7857142857142857
Base Case,5000,150,0.25,61200,52,44,12,8,0.8461538461538461,0.7857142857142857
Base Case,5000,150,0.251,61200,52,44,12,8,0.8461538461538461,0.7857142857142857
Base Case,5000,150,0.252,61200,52,44,12,8,0.8461538461538461,0.7857142857142857
Base Case,5000,150,0.253,61200,52,44,12,8,0.8461538461538461,0.7857142857142857
Base Case,5000,150,0.254,61200,52,44,12,8,0.8461538461538461,0.7857142857142857
Base Case,5000,150,0.255,61200,52,44,12,8,0.8461538461538461,0.7857142857142857
Base Case,5000,150,0.256,61200,52,44,12,8,0.8461538461538461,0.7857142857142857
Base Case,5000,150,0.257,61200,52,44,12,8,0.8461538461538461,0.7857142857142857
Base Case,5000,150,0.258,61200,52,44,12,8,0.8461538461538461,0.7857142857142857
Base Case,5000,150,0.259,61200,52,44,12,8,0.8461538461538461,0.7857142857142857
Base Case,5000,150,0.26,61200,52,44,12,8,0.8461538461538461,0.7857142857142857
Base Case,5000,150,0.261,61200,52,44,12,8,0.8461538461538461,0.7857142857142857
Base Case,5000,150,0.262,61200,52,44,12,8,0.8461538461538461,0.7857142857142857
Base Case,5000,150,0.263,61200,52,44,12,8,0.8461538461538461,0.7857142857142857
Base Case,5000,150,0.264,61200,52,44,12,8,0.8461538461538461,0.7857142857142857
Base Case,5000,150,0.265,61200,52,44,12,8,0.8461538461538461,0.7857142857142857
Base Case,5000,150,0.266,61200,52,44,12,8,0.8461538461538461,0.7857142857142857
Base Case,5000,150,0.267,61200,52,44,12,8,0.8461538461538461,0.7857142857142857
Base Case,5000,150,0.268,61200,52,44,12,8,0.8461538461538461,0.7857142857142857
Base Case,5000,150,0.269,61200,52,44,12,8,0.8461538461538461,0.7857142857142857
Base Case,5000,150,0.27,61200,52,44,12,8,0.8461538461538461,0.7857142857142857
Base Case,5000,150,0.271,61050,51,44,12,7,0.8627450980392157,0.7857142857142857
Base Case,5000,150,0.272,61050,51,44,12,7,0.8627450980392157,0.7857142857142857
Base Case,5000,150,0.273,61050,51,44,12,7,0.8627450980392157,0.7857142857142857
Base Case,5000,150,0.274,61050,51,44,12,7,0.8627450980392157,0.7857142857142857
Base Case,5000,150,0.275,61050,51,44,12,7,0.8627450980392157,0.7857142857142857
Base Case,5000,150,0.276,61050,51,44,12,7,0.8627450980392157,0.7857142857142857
Base Case,5000,150,0.277,61050,51,44,12,7,0.8627450980392157,0.7857142857142857
Base Case,5000,150,0.278,61050,51,44,12,7,0.8627450980392157,0.7857142857142857
Base Case,5000,150,0.279,61050,51,44,12,7,0.8627450980392157,0.7857142857142857
Base Case,5000,150,0.28,61050,51,44,12,7,0.8627450980392157,0.7857142857142857
Base Case,5000,150,0.281,61050,51,44,12,7,0.8627450980392157,0.7857142857142857
Base Case,5000,150,0.28200000000000003,61050,51,44,12,7,0.8627450980392157,0.7857142857142857
Base Case,5000,150,0.28300000000000003,61050,51,44,12,7,0.8627450980392157,0.7857142857142857
Base Case,5000,150,0.28400000000000003,61050,51,44,12,7,0.8627450980392157,0.7857142857142857
Base Case,5000,150,0.28500000000000003,61050,51,44,12,7,0.8627450980392157,0.7857142857142857
Base Case,5000,150,0.28600000000000003,61050,51,44,12,7,0.8627450980392157,0.7857142857142857
Base Case,5000,150,0.28700000000000003,61050,51,44,12,7,0.8627450980392157,0.7857142857142857
Base Case,5000,150,0.28800000000000003,61050,51,44,12,7,0.8627450980392157,0.7857142857142857
Base Case,5000,150,0.289,61050,51,44,12,7,0.8627450980392157,0.7857142857142857
Base Case,5000,150,0.29,61050,51,44,12,7,0.8627450980392157,0.7857142857142857
Base Case,5000,150,0.291,61050,51,44,12,7,0.8627450980392157,0.7857142857142857
Base Case,5000,150,0.292,61050,51,44,12,7,0.8627450980392157,0.7857142857142857
Base Case,5000,150,0.293,61050,51,44,12,7,0.8627450980392157,0.7857142857142857
Base Case,5000,150,0.294,61050,51,44,12,7,0.8627450980392157,0.7857142857142857
Base Case,5000,150,0.295,61050,51,44,12,7,0.8627450980392157,0.7857142857142857
Base Case,5000,150,0.296,61050,51,44,12,7,0.8627450980392157,0.7857142857142857
Base Case,5000,150,0.297,61050,51,44,12,7,0.8627450980392157,0.7857142857142857
Base Case,5000,150,0.298,61050,51,44,12,7,0.8627450980392157,0.7857142857142857
Base Case,5000,150,0.299,61050,51,44,12,7,0.8627450980392157,0.7857142857142857
Base Case,5000,150,0.3,61050,51,44,12,7,0.8627450980392157,0.7857142857142857
Base Case,5000,150,0.301,61050,51,44,12,7,0.8627450980392157,0.7857142857142857
Base Case,5000,150,0.302,61050,51,44,12,7,0.8627450980392157,0.7857142857142857
Base Case,5000,150,0.303,61050,51,44,12,7,0.8627450980392157,0.7857142857142857
Base Case,5000,150,0.304,61050,51,44,12,7,0.8627450980392157,0.7857142857142857
Base Case,5000,150,0.305,61050,51,44,12,7,0.8627450980392157,0.7857142857142857
Base Case,5000,150,0.306,61050,51,44,12,7,0.8627450980392157,0.7857142857142857
Base Case,5000,150,0.307,61050,51,44,12,7,0.8627450980392157,0.7857142857142857
Base Case,5000,150,0.308,61050,51,44,12,7,0.8627450980392157,0.7857142857142857
Base Case,5000,150,0.309,61050,51,44,12,7,0.8627450980392157,0.7857142857142857
Base Case,5000,150,0.31,61050,51,44,12,7,0.8627450980392157,0.7857142857142857
Base Case,5000,150,0.311,61050,51,44,12,7,0.8627450980392157,0.7857142857142857
Base Case,5000,150,0.312,60900,50,44,12,6,0.88,0.7857142857142857
Base Case,5000,150,0.313,60900,50,44,12,6,0.88,0.7857142857142857
Base Case,5000,150,0.314,60900,50,44,12,6,0.88,0.7857142857142857
Base Case,5000,150,0.315,60900,50,44,12,6,0.88,0.7857142857142857
Base Case,5000,150,0.316,60900,50,44,12,6,0.88,0.7857142857142857
Base Case,5000,150,0.317,60900,50,44,12,6,0.88,0.7857142857142857
Base Case,5000,150,0.318,60900,50,44,12,6,0.88,0.7857142857142857
Base Case,5000,150,0.319,60900,50,44,12,6,0.88,0.7857142857142857
Base Case,5000,150,0.32,60900,50,44,12,6,0.88,0.7857142857142857
Base Case,5000,150,0.321,60900,50,44,12,6,0.88,0.7857142857142857
Base Case,5000,150,0.322,60900,50,44,12,6,0.88,0.7857142857142857
Base Case,5000,150,0.323,60900,50,44,12,6,0.88,0.7857142857142857
Base Case,5000,150,0.324,60900,50,44,12,6,0.88,0.7857142857142857
Base Case,5000,150,0.325,60900,50,44,12,6,0.88,0.7857142857142857
Base Case,5000,150,0.326,60900,50,44,12,6,0.88,0.7857142857142857
Base Case,5000,150,0.327,60900,50,44,12,6,0.88,0.7857142857142857
Base Case,5000,150,0.328,60900,50,44,12,6,0.88,0.7857142857142857
Base Case,5000,150,0.329,60900,50,44,12,6,0.88,0.7857142857142857
Base Case,5000,150,0.33,60900,50,44,12,6,0.88,0.7857142857142857
Base Case,5000,150,0.331,60900,50,44,12,6,0.88,0.7857142857142857
Base Case,5000,150,0.332,60900,50,44,12,6,0.88,0.7857142857142857
Base Case,5000,150,0.333,60900,50,44,12,6,0.88,0.7857142857142857
Base Case,5000,150,0.334,60900,50,44,12,6,0.88,0.7857142857142857
Base Case,5000,150,0.335,60900,50,44,12,6,0.88,0.7857142857142857
Base Case,5000,150,0.336,60750,49,44,12,5,0.8979591836734694,0.7857142857142857
Base Case,5000,150,0.337,60750,49,44,12,5,0.8979591836734694,0.7857142857142857
Base Case,5000,150,0.338,60750,49,44,12,5,0.8979591836734694,0.7857142857142857
Base Case,5000,150,0.339,60750,49,44,12,5,0.8979591836734694,0.7857142857142857
Base Case,5000,150,0.34,60750,49,44,12,5,0.8979591836734694,0.7857142857142857
Base Case,5000,150,0.341,60750,49,44,12,5,0.8979591836734694,0.7857142857142857
Base Case,5000,150,0.342,60750,49,44,12,5,0.8979591836734694,0.7857142857142857
Base Case,5000,150,0.343,60750,49,44,12,5,0.8979591836734694,0.7857142857142857
Base Case,5000,150,0.34400000000000003,60750,49,44,12,5,0.8979591836734694,0.7857142857142857
Base Case,5000,150,0.34500000000000003,60750,49,44,12,5,0.8979591836734694,0.7857142857142857
Base Case,5000,150,0.34600000000000003,60750,49,44,12,5,0.8979591836734694,0.7857142857142857
Base Case,5000,150,0.34700000000000003,60750,49,44,12,5,0.8979591836734694,0.7857142857142857
Base Case,5000,150,0.34800000000000003,60750,49,44,12,5,0.8979591836734694,0.7857142857142857
Base Case,5000,150,0.34900000000000003,60750,49,44,12,5,0.8979591836734694,0.7857142857142857
Base Case,5000,150,0.35000000000000003,60750,49,44,12,5,0.8979591836734694,0.7857142857142857
Base Case,5000,150,0.35100000000000003,60750,49,44,12,5,0.8979591836734694,0.7857142857142857
Base Case,5000,150,0.352,60750,49,44,12,5,0.8979591836734694,0.7857142857142857
Base Case,5000,150,0.353,60750,49,44,12,5,0.8979591836734694,0.7857142857142857
Base Case,5000,150,0.354,60750,49,44,12,5,0.8979591836734694,0.7857142857142857
Base Case,5000,150,0.355,60750,49,44,12,5,0.8979591836734694,0.7857142857142857
Base Case,5000,150,0.356,60750,49,44,12,5,0.8979591836734694,0.7857142857142857
Base Case,5000,150,0.357,60750,49,44,12,5,0.8979591836734694,0.7857142857142857
Base Case,5000,150,0.358,60750,49,44,12,5,0.8979591836734694,0.7857142857142857
Base Case,5000,150,0.359,60750,49,44,12,5,0.8979591836734694,0.7857142857142857
Base Case,5000,150,0.36,60750,49,44,12,5,0.8979591836734694,0.7857142857142857
Base Case,5000,150,0.361,60750,49,44,12,5,0.8979591836734694,0.7857142857142857
Base Case,5000,150,0.362,60750,49,44,12,5,0.8979591836734694,0.7857142857142857
Base Case,5000,150,0.363,60750,49,44,12,5,0.8979591836734694,0.7857142857142857
Base Case,5000,150,0.364,60750,49,44,12,5,0.8979591836734694,0.7857142857142857
Base Case,5000,150,0.365,60750,49,44,12,5,0.8979591836734694,0.7857142857142857
Base Case,5000,150,0.366,60750,49,44,12,5,0.8979591836734694,0.7857142857142857
Base Case,5000,150,0.367,60750,49,44,12,5,0.8979591836734694,0.7857142857142857
Base Case,5000,150,0.368,60750,49,44,12,5,0.8979591836734694,0.7857142857142857
Base Case,5000,150,0.369,60750,49,44,12,5,0.8979591836734694,0.7857142857142857
Base Case,5000,150,0.37,60750,49,44,12,5,0.8979591836734694,0.7857142857142857
Base Case,5000,150,0.371,60750,49,44,12,5,0.8979591836734694,0.7857142857142857
Base Case,5000,150,0.372,60750,49,44,12,5,0.8979591836734694,0.7857142857142857
Base Case,5000,150,0.373,60750,49,44,12,5,0.8979591836734694,0.7857142857142857
Base Case,5000,150,0.374,60750,49,44,12,5,0.8979591836734694,0.7857142857142857
Base Case,5000,150,0.375,60750,49,44,12,5,0.8979591836734694,0.7857142857142857
Base Case,5000,150,0.376,60750,49,44,12,5,0.8979591836734694,0.7857142857142857
Base Case,5000,150,0.377,60750,49,44,12,5,0.8979591836734694,0.7857142857142857
Base Case,5000,150,0.378,60750,49,44,12,5,0.8979591836734694,0.7857142857142857
Base Case,5000,150,0.379,60750,49,44,12,5,0.8979591836734694,0.7857142857142857
Base Case,5000,150,0.38,60750,49,44,12,5,0.8979591836734694,0.7857142857142857
Base Case,5000,150,0.381,60750,49,44,12,5,0.8979591836734694,0.7857142857142857
Base Case,5000,150,0.382,60750,49,44,12,5,0.8979591836734694,0.7857142857142857
Base Case,5000,150,0.383,60750,49,44,12,5,0.8979591836734694,0.7857142857142857
Base Case,5000,150,0.384,60750,49,44,12,5,0.8979591836734694,0.7857142857142857
Base Case,5000,150,0.385,60750,49,44,12,5,0.8979591836734694,0.7857142857142857
Base Case,5000,150,0.386,60750,49,44,12,5,0.8979591836734694,0.7857142857142857
Base Case,5000,150,0.387,60750,49,44,12,5,0.8979591836734694,0.7857142857142857
Base Case,5000,150,0.388,60750,49,44,12,5,0.8979591836734694,0.7857142857142857
Base Case,5000,150,0.389,60750,49,44,12,5,0.8979591836734694,0.7857142857142857
Base Case,5000,150,0.39,60750,49,44,12,5,0.8979591836734694,0.7857142857142857
Base Case,5000,150,0.391,60750,49,44,12,5,0.8979591836734694,0.7857142857142857
Base Case,5000,150,0.392,60750,49,44,12,5,0.8979591836734694,0.7857142857142857
Base Case,5000,150,0.393,60750,49,44,12,5,0.8979591836734694,0.7857142857142857
Base Case,5000,150,0.394,60750,49,44,12,5,0.8979591836734694,0.7857142857142857
Base Case,5000,150,0.395,60750,49,44,12,5,0.8979591836734694,0.7857142857142857
Base Case,5000,150,0.396,60750,49,44,12,5,0.8979591836734694,0.7857142857142857
Base Case,5000,150,0.397,60750,49,44,12,5,0.8979591836734694,0.7857142857142857
Base Case,5000,150,0.398,60750,49,44,12,5,0.8979591836734694,0.7857142857142857
Base Case,5000,150,0.399,60750,49,44,12,5,0.8979591836734694,0.7857142857142857
Base Case,5000,150,0.4,60750,49,44,12,5,0.8979591836734694,0.7857142857142857
Base Case,5000,150,0.401,60750,49,44,12,5,0.8979591836734694,0.7857142857142857
Base Case,5000,150,0.402,60750,49,44,12,5,0.8979591836734694,0.7857142857142857
Base Case,5000,150,0.403,60750,49,44,12,5,0.8979591836734694,0.7857142857142857
Base Case,5000,150,0.404,60750,49,44,12,5,0.8979591836734694,0.7857142857142857
Base Case,5000,150,0.405,60750,49,44,12,5,0.8979591836734694,0.7857142857142857
Base Case,5000,150,0.406,60750,49,44,12,5,0.8979591836734694,0.7857142857142857
Base Case,5000,150,0.40700000000000003,60750,49,44,12,5,0.8979591836734694,0.7857142857142857
Base Case,5000,150,0.40800000000000003,60750,49,44,12,5,0.8979591836734694,0.7857142857142857
Base Case,5000,150,0.40900000000000003,60750,49,44,12,5,0.8979591836734694,0.7857142857142857
Base Case,5000,150,0.41000000000000003,60750,49,44,12,5,0.8979591836734694,0.7857142857142857
Base Case,5000,150,0.41100000000000003,60750,49,44,12,5,0.8979591836734694,0.7857142857142857
Base Case,5000,150,0.41200000000000003,60750,49,44,12,5,0.8979591836734694,0.7857142857142857
Base Case,5000,150,0.41300000000000003,60750,49,44,12,5,0.8979591836734694,0.7857142857142857
Base Case,5000,150,0.41400000000000003,60750,49,44,12,5,0.8979591836734694,0.7857142857142857
Base Case,5000,150,0.41500000000000004,60750,49,44,12,5,0.8979591836734694,0.7857142857142857
Base Case,5000,150,0.41600000000000004,60750,49,44,12,5,0.8979591836734694,0.7857142857142857
Base Case,5000,150,0.417,60750,49,44,12,5,0.8979591836734694,0.7857142857142857
Base Case,5000,150,0.418,60750,49,44,12,5,0.8979591836734694,0.7857142857142857
Base Case,5000,150,0.419,60750,49,44,12,5,0.8979591836734694,0.7857142857142857
Base Case,5000,150,0.42,60750,49,44,12,5,0.8979591836734694,0.7857142857142857
Base Case,5000,150,0.421,60750,49,44,12,5,0.8979591836734694,0.7857142857142857
Base Case,5000,150,0.422,60750,49,44,12,5,0.8979591836734694,0.7857142857142857
Base Case,5000,150,0.423,60750,49,44,12,5,0.8979591836734694,0.7857142857142857
Base Case,5000,150,0.424,60750,49,44,12,5,0.8979591836734694,0.7857142857142857
Base Case,5000,150,0.425,60750,49,44,12,5,0.8979591836734694,0.7857142857142857
Base Case,5000,150,0.426,60750,49,44,12,5,0.8979591836734694,0.7857142857142857
Base Case,5000,150,0.427,60750,49,44,12,5,0.8979591836734694,0.7857142857142857
Base Case,5000,150,0.428,60750,49,44,12,5,0.8979591836734694,0.7857142857142857
Base Case,5000,150,0.429,60750,49,44,12,5,0.8979591836734694,0.7857142857142857
Base Case,5000,150,0.43,60750,49,44,12,5,0.8979591836734694,0.7857142857142857
Base Case,5000,150,0.431,60750,49,44,12,5,0.8979591836734694,0.7857142857142857
Base Case,5000,150,0.432,60750,49,44,12,5,0.8979591836734694,0.7857142857142857
Base Case,5000,150,0.433,60750,49,44,12,5,0.8979591836734694,0.7857142857142857
Base Case,5000,150,0.434,60750,49,44,12,5,0.8979591836734694,0.7857142857142857
Base Case,5000,150,0.435,60750,49,44,12,5,0.8979591836734694,0.7857142857142857
Base Case,5000,150,0.436,60750,49,44,12,5,0.8979591836734694,0.7857142857142857
Base Case,5000,150,0.437,60750,49,44,12,5,0.8979591836734694,0.7857142857142857
Base Case,5000,150,0.438,60750,49,44,12,5,0.8979591836734694,0.7857142857142857
Base Case,5000,150,0.439,60600,48,44,12,4,0.9166666666666666,0.7857142857142857
Base Case,5000,150,0.44,60600,48,44,12,4,0.9166666666666666,0.7857142857142857
Base Case,5000,150,0.441,60600,48,44,12,4,0.9166666666666666,0.7857142857142857
Base Case,5000,150,0.442,60600,48,44,12,4,0.9166666666666666,0.7857142857142857
Base Case,5000,150,0.443,60600,48,44,12,4,0.9166666666666666,0.7857142857142857
Base Case,5000,150,0.444,65600,47,43,13,4,0.9148936170212766,0.7678571428571429
Base Case,5000,150,0.445,65600,47,43,13,4,0.9148936170212766,0.7678571428571429
Base Case,5000,150,0.446,65600,47,43,13,4,0.9148936170212766,0.7678571428571429
Base Case,5000,150,0.447,65600,47,43,13,4,0.9148936170212766,0.7678571428571429
Base Case,5000,150,0.448,65600,47,43,13,4,0.9148936170212766,0.7678571428571429
Base Case,5000,150,0.449,65600,47,43,13,4,0.9148936170212766,0.7678571428571429
Base Case,5000,150,0.45,65600,47,43,13,4,0.9148936170212766,0.7678571428571429
Base Case,5000,150,0.451,65600,47,43,13,4,0.9148936170212766,0.7678571428571429
Base Case,5000,150,0.452,65600,47,43,13,4,0.9148936170212766,0.7678571428571429
Base Case,5000,150,0.453,65600,47,43,13,4,0.9148936170212766,0.7678571428571429
Base Case,5000,150,0.454,65600,47,43,13,4,0.9148936170212766,0.7678571428571429
Base Case,5000,150,0.455,65600,47,43,13,4,0.9148936170212766,0.7678571428571429
Base Case,5000,150,0.456,65600,47,43,13,4,0.9148936170212766,0.7678571428571429
Base Case,5000,150,0.457,65600,47,43,13,4,0.9148936170212766,0.7678571428571429
Base Case,5000,150,0.458,65600,47,43,13,4,0.9148936170212766,0.7678571428571429
Base Case,5000,150,0.459,65600,47,43,13,4,0.9148936170212766,0.7678571428571429
Base Case,5000,150,0.46,65600,47,43,13,4,0.9148936170212766,0.7678571428571429
Base Case,5000,150,0.461,65600,47,43,13,4,0.9148936170212766,0.7678571428571429
Base Case,5000,150,0.462,65600,47,43,13,4,0.9148936170212766,0.7678571428571429
Base Case,5000,150,0.463,65600,47,43,13,4,0.9148936170212766,0.7678571428571429
Base Case,5000,150,0.464,65600,47,43,13,4,0.9148936170212766,0.7678571428571429
Base Case,5000,150,0.465,65600,47,43,13,4,0.9148936170212766,0.7678571428571429
Base Case,5000,150,0.466,65600,47,43,13,4,0.9148936170212766,0.7678571428571429
Base Case,5000,150,0.467,65600,47,43,13,4,0.9148936170212766,0.7678571428571429
Base Case,5000,150,0.468,65600,47,43,13,4,0.9148936170212766,0.7678571428571429
Base Case,5000,150,0.46900000000000003,65600,47,43,13,4,0.9148936170212766,0.7678571428571429
Base Case,5000,150,0.47000000000000003,65600,47,43,13,4,0.9148936170212766,0.7678571428571429
Base Case,5000,150,0.47100000000000003,65600,47,43,13,4,0.9148936170212766,0.7678571428571429
Base Case,5000,150,0.47200000000000003,65600,47,43,13,4,0.9148936170212766,0.7678571428571429
Base Case,5000,150,0.47300000000000003,65600,47,43,13,4,0.9148936170212766,0.7678571428571429
Base Case,5000,150,0.47400000000000003,65600,47,43,13,4,0.9148936170212766,0.7678571428571429
Base Case,5000,150,0.47500000000000003,65600,47,43,13,4,0.9148936170212766,0.7678571428571429
Base Case,5000,150,0.47600000000000003,65600,47,43,13,4,0.9148936170212766,0.7678571428571429
Base Case,5000,150,0.47700000000000004,65600,47,43,13,4,0.9148936170212766,0.7678571428571429
Base Case,5000,150,0.47800000000000004,65600,47,43,13,4,0.9148936170212766,0.7678571428571429
Base Case,5000,150,0.47900000000000004,65600,47,43,13,4,0.9148936170212766,0.7678571428571429
Base Case,5000,150,0.48,65600,47,43,13,4,0.9148936170212766,0.7678571428571429
Base Case,5000,150,0.481,65600,47,43,13,4,0.9148936170212766,0.7678571428571429
Base Case,5000,150,0.482,65600,47,43,13,4,0.9148936170212766,0.7678571428571429
Base Case,5000,150,0.483,65600,47,43,13,4,0.9148936170212766,0.7678571428571429
Base Case,5000,150,0.484,65600,47,43,13,4,0.9148936170212766,0.7678571428571429
Base Case,5000,150,0.485,65600,47,43,13,4,0.9148936170212766,0.7678571428571429
Base Case,5000,150,0.486,65600,47,43,13,4,0.9148936170212766,0.7678571428571429
Base Case,5000,150,0.487,65600,47,43,13,4,0.9148936170212766,0.7678571428571429
Base Case,5000,150,0.488,65600,47,43,13,4,0.9148936170212766,0.7678571428571429
Base Case,5000,150,0.489,65600,47,43,13,4,0.9148936170212766,0.7678571428571429
Base Case,5000,150,0.49,65600,47,43,13,4,0.9148936170212766,0.7678571428571429
Base Case,5000,150,0.491,65600,47,43,13,4,0.9148936170212766,0.7678571428571429
Base Case,5000,150,0.492,65600,47,43,13,4,0.9148936170212766,0.7678571428571429
Base Case,5000,150,0.493,65600,47,43,13,4,0.9148936170212766,0.7678571428571429
Base Case,5000,150,0.494,65600,47,43,13,4,0.9148936170212766,0.7678571428571429
Base Case,5000,150,0.495,65600,47,43,13,4,0.9148936170212766,0.7678571428571429
Base Case,5000,150,0.496,65600,47,43,13,4,0.9148936170212766,0.7678571428571429
Base Case,5000,150,0.497,65600,47,43,13,4,0.9148936170212766,0.7678571428571429
Base Case,5000,150,0.498,65600,47,43,13,4,0.9148936170212766,0.7678571428571429
Base Case,5000,150,0.499,65600,47,43,13,4,0.9148936170212766,0.7678571428571429
Base Case,5000,150,0.5,65600,47,43,13,4,0.9148936170212766,0.7678571428571429
Base Case,5000,150,0.501,65600,47,43,13,4,0.9148936170212766,0.7678571428571429
Base Case,5000,150,0.502,65600,47,43,13,4,0.9148936170212766,0.7678571428571429
Base Case,5000,150,0.503,65600,47,43,13,4,0.9148936170212766,0.7678571428571429
Base Case,5000,150,0.504,65600,47,43,13,4,0.9148936170212766,0.7678571428571429
Base Case,5000,150,0.505,65600,47,43,13,4,0.9148936170212766,0.7678571428571429
Base Case,5000,150,0.506,65600,47,43,13,4,0.9148936170212766,0.7678571428571429
Base Case,5000,150,0.507,65600,47,43,13,4,0.9148936170212766,0.7678571428571429
Base Case,5000,150,0.508,65600,47,43,13,4,0.9148936170212766,0.7678571428571429
Base Case,5000,150,0.509,65600,47,43,13,4,0.9148936170212766,0.7678571428571429
Base Case,5000,150,0.51,65600,47,43,13,4,0.9148936170212766,0.7678571428571429
Base Case,5000,150,0.511,65600,47,43,13,4,0.9148936170212766,0.7678571428571429
Base Case,5000,150,0.512,65600,47,43,13,4,0.9148936170212766,0.7678571428571429
Base Case,5000,150,0.513,65600,47,43,13,4,0.9148936170212766,0.7678571428571429
Base Case,5000,150,0.514,65600,47,43,13,4,0.9148936170212766,0.7678571428571429
Base Case,5000,150,0.515,65600,47,43,13,4,0.9148936170212766,0.7678571428571429
Base Case,5000,150,0.516,65600,47,43,13,4,0.9148936170212766,0.7678571428571429
Base Case,5000,150,0.517,65450,46,43,13,3,0.9347826086956522,0.7678571428571429
Base Case,5000,150,0.518,65450,46,43,13,3,0.9347826086956522,0.7678571428571429
Base Case,5000,150,0.519,65450,46,43,13,3,0.9347826086956522,0.7678571428571429
Base Case,5000,150,0.52,65450,46,43,13,3,0.9347826086956522,0.7678571428571429
Base Case,5000,150,0.521,65450,46,43,13,3,0.9347826086956522,0.7678571428571429
Base Case,5000,150,0.522,65450,46,43,13,3,0.9347826086956522,0.7678571428571429
Base Case,5000,150,0.523,65450,46,43,13,3,0.9347826086956522,0.7678571428571429
Base Case,5000,150,0.524,65450,46,43,13,3,0.9347826086956522,0.7678571428571429
Base Case,5000,150,0.525,65450,46,43,13,3,0.9347826086956522,0.7678571428571429
Base Case,5000,150,0.526,65450,46,43,13,3,0.9347826086956522,0.7678571428571429
Base Case,5000,150,0.527,65450,46,43,13,3,0.9347826086956522,0.7678571428571429
Base Case,5000,150,0.528,65450,46,43,13,3,0.9347826086956522,0.7678571428571429
Base Case,5000,150,0.529,65450,46,43,13,3,0.9347826086956522,0.7678571428571429
Base Case,5000,150,0.53,65450,46,43,13,3,0.9347826086956522,0.7678571428571429
Base Case,5000,150,0.531,65450,46,43,13,3,0.9347826086956522,0.7678571428571429
Base Case,5000,150,0.532,65450,46,43,13,3,0.9347826086956522,0.7678571428571429
Base Case,5000,150,0.533,65450,46,43,13,3,0.9347826086956522,0.7678571428571429
Base Case,5000,150,0.534,65450,46,43,13,3,0.9347826086956522,0.7678571428571429
Base Case,5000,150,0.535,65450,46,43,13,3,0.9347826086956522,0.7678571428571429
Base Case,5000,150,0.536,65450,46,43,13,3,0.9347826086956522,0.7678571428571429
Base Case,5000,150,0.537,65450,46,43,13,3,0.9347826086956522,0.7678571428571429
Base Case,5000,150,0.538,65450,46,43,13,3,0.9347826086956522,0.7678571428571429
Base Case,5000,150,0.539,65450,46,43,13,3,0.9347826086956522,0.7678571428571429
Base Case,5000,150,0.54,65450,46,43,13,3,0.9347826086956522,0.7678571428571429
Base Case,5000,150,0.541,65450,46,43,13,3,0.9347826086956522,0.7678571428571429
Base Case,5000,150,0.542,65450,46,43,13,3,0.9347826086956522,0.7678571428571429
Base Case,5000,150,0.543,65450,46,43,13,3,0.9347826086956522,0.7678571428571429
Base Case,5000,150,0.544,65450,46,43,13,3,0.9347826086956522,0.7678571428571429
Base Case,5000,150,0.545,65450,46,43,13,3,0.9347826086956522,0.7678571428571429
Base Case,5000,150,0.546,65450,46,43,13,3,0.9347826086956522,0.7678571428571429
Base Case,5000,150,0.547,65450,46,43,13,3,0.9347826086956522,0.7678571428571429
Base Case,5000,150,0.548,65450,46,43,13,3,0.9347826086956522,0.7678571428571429
Base Case,5000,150,0.549,65450,46,43,13,3,0.9347826086956522,0.7678571428571429
Base Case,5000,150,0.55,65450,46,43,13,3,0.9347826086956522,0.7678571428571429
Base Case,5000,150,0.551,65450,46,43,13,3,0.9347826086956522,0.7678571428571429
Base Case,5000,150,0.552,65450,46,43,13,3,0.9347826086956522,0.7678571428571429
Base Case,5000,150,0.553,65450,46,43,13,3,0.9347826086956522,0.7678571428571429
Base Case,5000,150,0.554,65450,46,43,13,3,0.9347826086956522,0.7678571428571429
Base Case,5000,150,0.555,65450,46,43,13,3,0.9347826086956522,0.7678571428571429
Base Case,5000,150,0.556,65300,45,43,13,2,0.9555555555555556,0.7678571428571429
Base Case,5000,150,0.557,65300,45,43,13,2,0.9555555555555556,0.7678571428571429
Base Case,5000,150,0.558,65300,45,43,13,2,0.9555555555555556,0.7678571428571429
Base Case,5000,150,0.559,65150,44,43,13,1,0.9772727272727273,0.7678571428571429
Base Case,5000,150,0.56,65150,44,43,13,1,0.9772727272727273,0.7678571428571429
Base Case,5000,150,0.561,65150,44,43,13,1,0.9772727272727273,0.7678571428571429
Base Case,5000,150,0.562,65150,44,43,13,1,0.9772727272727273,0.7678571428571429
Base Case,5000,150,0.5630000000000001,65150,44,43,13,1,0.9772727272727273,0.7678571428571429
Base Case,5000,150,0.5640000000000001,65150,44,43,13,1,0.9772727272727273,0.7678571428571429
Base Case,5000,150,0.5650000000000001,65150,44,43,13,1,0.9772727272727273,0.7678571428571429
Base Case,5000,150,0.5660000000000001,70150,43,42,14,1,0.9767441860465116,0.75
Base Case,5000,150,0.5670000000000001,70150,43,42,14,1,0.9767441860465116,0.75
Base Case,5000,150,0.5680000000000001,70150,43,42,14,1,0.9767441860465116,0.75
Base Case,5000,150,0.5690000000000001,70150,43,42,14,1,0.9767441860465116,0.75
Base Case,5000,150,0.5700000000000001,70150,43,42,14,1,0.9767441860465116,0.75
Base Case,5000,150,0.5710000000000001,70150,43,42,14,1,0.9767441860465116,0.75
Base Case,5000,150,0.5720000000000001,70150,43,42,14,1,0.9767441860465116,0.75
Base Case,5000,150,0.5730000000000001,70150,43,42,14,1,0.9767441860465116,0.75
Base Case,5000,150,0.5740000000000001,70150,43,42,14,1,0.9767441860465116,0.75
Base Case,5000,150,0.5750000000000001,70150,43,42,14,1,0.9767441860465116,0.75
Base Case,5000,150,0.5760000000000001,70150,43,42,14,1,0.9767441860465116,0.75
Base Case,5000,150,0.577,70150,43,42,14,1,0.9767441860465116,0.75
Base Case,5000,150,0.578,70150,43,42,14,1,0.9767441860465116,0.75
Base Case,5000,150,0.579,70150,43,42,14,1,0.9767441860465116,0.75
Base Case,5000,150,0.58,70150,43,42,14,1,0.9767441860465116,0.75
Base Case,5000,150,0.581,70150,43,42,14,1,0.9767441860465116,0.75
Base Case,5000,150,0.582,70150,43,42,14,1,0.9767441860465116,0.75
Base Case,5000,150,0.583,70150,43,42,14,1,0.9767441860465116,0.75
Base Case,5000,150,0.584,70150,43,42,14,1,0.9767441860465116,0.75
Base Case,5000,150,0.585,70150,43,42,14,1,0.9767441860465116,0.75
Base Case,5000,150,0.586,70150,43,42,14,1,0.9767441860465116,0.75
Base Case,5000,150,0.587,70150,43,42,14,1,0.9767441860465116,0.75
Base Case,5000,150,0.588,70150,43,42,14,1,0.9767441860465116,0.75
Base Case,5000,150,0.589,70150,43,42,14,1,0.9767441860465116,0.75
Base Case,5000,150,0.59,70150,43,42,14,1,0.9767441860465116,0.75
Base Case,5000,150,0.591,70150,43,42,14,1,0.9767441860465116,0.75
Base Case,5000,150,0.592,70150,43,42,14,1,0.9767441860465116,0.75
Base Case,5000,150,0.593,70150,43,42,14,1,0.9767441860465116,0.75
Base Case,5000,150,0.594,70150,43,42,14,1,0.9767441860465116,0.75
Base Case,5000,150,0.595,70150,43,42,14,1,0.9767441860465116,0.75
Base Case,5000,150,0.596,70150,43,42,14,1,0.9767441860465116,0.75
Base Case,5000,150,0.597,70150,43,42,14,1,0.9767441860465116,0.75
Base Case,5000,150,0.598,70150,43,42,14,1,0.9767441860465116,0.75
Base Case,5000,150,0.599,70150,43,42,14,1,0.9767441860465116,0.75
Base Case,5000,150,0.6,70150,43,42,14,1,0.9767441860465116,0.75
Base Case,5000,150,0.601,70150,43,42,14,1,0.9767441860465116,0.75
Base Case,5000,150,0.602,70150,43,42,14,1,0.9767441860465116,0.75
Base Case,5000,150,0.603,70150,43,42,14,1,0.9767441860465116,0.75
Base Case,5000,150,0.604,70150,43,42,14,1,0.9767441860465116,0.75
Base Case,5000,150,0.605,70150,43,42,14,1,0.9767441860465116,0.75
Base Case,5000,150,0.606,70150,43,42,14,1,0.9767441860465116,0.75
Base Case,5000,150,0.607,70150,43,42,14,1,0.9767441860465116,0.75
Base Case,5000,150,0.608,70150,43,42,14,1,0.9767441860465116,0.75
Base Case,5000,150,0.609,70150,43,42,14,1,0.9767441860465116,0.75
Base Case,5000,150,0.61,70150,43,42,14,1,0.9767441860465116,0.75
Base Case,5000,150,0.611,70150,43,42,14,1,0.9767441860465116,0.75
Base Case,5000,150,0.612,70150,43,42,14,1,0.9767441860465116,0.75
Base Case,5000,150,0.613,70150,43,42,14,1,0.9767441860465116,0.75
Base Case,5000,150,0.614,70150,43,42,14,1,0.9767441860465116,0.75
Base Case,5000,150,0.615,70150,43,42,14,1,0.9767441860465116,0.75
Base Case,5000,150,0.616,70150,43,42,14,1,0.9767441860465116,0.75
Base Case,5000,150,0.617,70150,43,42,14,1,0.9767441860465116,0.75
Base Case,5000,150,0.618,70150,43,42,14,1,0.9767441860465116,0.75
Base Case,5000,150,0.619,70150,43,42,14,1,0.9767441860465116,0.75
Base Case,5000,150,0.62,70150,43,42,14,1,0.9767441860465116,0.75
Base Case,5000,150,0.621,70150,43,42,14,1,0.9767441860465116,0.75
Base Case,5000,150,0.622,70150,43,42,14,1,0.9767441860465116,0.75
Base Case,5000,150,0.623,70150,43,42,14,1,0.9767441860465116,0.75
Base Case,5000,150,0.624,70150,43,42,14,1,0.9767441860465116,0.75
Base Case,5000,150,0.625,70150,43,42,14,1,0.9767441860465116,0.75
Base Case,5000,150,0.626,70150,43,42,14,1,0.9767441860465116,0.75
Base Case,5000,150,0.627,70150,43,42,14,1,0.9767441860465116,0.75
Base Case,5000,150,0.628,70150,43,42,14,1,0.9767441860465116,0.75
Base Case,5000,150,0.629,70150,43,42,14,1,0.9767441860465116,0.75
Base Case,5000,150,0.63,70150,43,42,14,1,0.9767441860465116,0.75
Base Case,5000,150,0.631,70150,43,42,14,1,0.9767441860465116,0.75
Base Case,5000,150,0.632,70150,43,42,14,1,0.9767441860465116,0.75
Base Case,5000,150,0.633,70150,43,42,14,1,0.9767441860465116,0.75
Base Case,5000,150,0.634,70150,43,42,14,1,0.9767441860465116,0.75
Base Case,5000,150,0.635,70150,43,42,14,1,0.9767441860465116,0.75
Base Case,5000,150,0.636,70150,43,42,14,1,0.9767441860465116,0.75
Base Case,5000,150,0.637,70150,43,42,14,1,0.9767441860465116,0.75
Base Case,5000,150,0.638,70150,43,42,14,1,0.9767441860465116,0.75
Base Case,5000,150,0.639,70150,43,42,14,1,0.9767441860465116,0.75
Base Case,5000,150,0.64,70150,43,42,14,1,0.9767441860465116,0.75
Base Case,5000,150,0.641,70150,43,42,14,1,0.9767441860465116,0.75
Base Case,5000,150,0.642,70150,43,42,14,1,0.9767441860465116,0.75
Base Case,5000,150,0.643,70150,43,42,14,1,0.9767441860465116,0.75
Base Case,5000,150,0.644,70150,43,42,14,1,0.9767441860465116,0.75
Base Case,5000,150,0.645,70150,43,42,14,1,0.9767441860465116,0.75
Base Case,5000,150,0.646,70150,43,42,14,1,0.9767441860465116,0.75
Base Case,5000,150,0.647,70150,43,42,14,1,0.9767441860465116,0.75
Base Case,5000,150,0.648,70150,43,42,14,1,0.9767441860465116,0.75
Base Case,5000,150,0.649,70150,43,42,14,1,0.9767441860465116,0.75
Base Case,5000,150,0.65,70150,43,42,14,1,0.9767441860465116,0.75
Base Case,5000,150,0.651,70150,43,42,14,1,0.9767441860465116,0.75
Base Case,5000,150,0.652,70150,43,42,14,1,0.9767441860465116,0.75
Base Case,5000,150,0.653,70150,43,42,14,1,0.9767441860465116,0.75
Base Case,5000,150,0.654,70150,43,42,14,1,0.9767441860465116,0.75
Base Case,5000,150,0.655,70150,43,42,14,1,0.9767441860465116,0.75
Base Case,5000,150,0.656,70150,43,42,14,1,0.9767441860465116,0.75
Base Case,5000,150,0.657,70150,43,42,14,1,0.9767441860465116,0.75
Base Case,5000,150,0.658,70150,43,42,14,1,0.9767441860465116,0.75
Base Case,5000,150,0.659,70150,43,42,14,1,0.9767441860465116,0.75
Base Case,5000,150,0.66,70150,43,42,14,1,0.9767441860465116,0.75
Base Case,5000,150,0.661,70150,43,42,14,1,0.9767441860465116,0.75
Base Case,5000,150,0.662,70150,43,42,14,1,0.9767441860465116,0.75
Base Case,5000,150,0.663,70150,43,42,14,1,0.9767441860465116,0.75
Base Case,5000,150,0.664,70150,43,42,14,1,0.9767441860465116,0.75
Base Case,5000,150,0.665,70150,43,42,14,1,0.9767441860465116,0.75
Base Case,5000,150,0.666,70150,43,42,14,1,0.9767441860465116,0.75
Base Case,5000,150,0.667,70150,43,42,14,1,0.9767441860465116,0.75
Base Case,5000,150,0.668,70150,43,42,14,1,0.9767441860465116,0.75
Base Case,5000,150,0.669,70150,43,42,14,1,0.9767441860465116,0.75
Base Case,5000,150,0.67,70150,43,42,14,1,0.9767441860465116,0.75
Base Case,5000,150,0.671,70150,43,42,14,1,0.9767441860465116,0.75
Base Case,5000,150,0.672,70150,43,42,14,1,0.9767441860465116,0.75
Base Case,5000,150,0.673,70150,43,42,14,1,0.9767441860465116,0.75
Base Case,5000,150,0.674,70150,43,42,14,1,0.9767441860465116,0.75
Base Case,5000,150,0.675,70150,43,42,14,1,0.9767441860465116,0.75
Base Case,5000,150,0.676,70150,43,42,14,1,0.9767441860465116,0.75
Base Case,5000,150,0.677,70150,43,42,14,1,0.9767441860465116,0.75
Base Case,5000,150,0.678,70150,43,42,14,1,0.9767441860465116,0.75
Base Case,5000,150,0.679,70150,43,42,14,1,0.9767441860465116,0.75
Base Case,5000,150,0.68,70150,43,42,14,1,0.9767441860465116,0.75
Base Case,5000,150,0.681,70150,43,42,14,1,0.9767441860465116,0.75
Base Case,5000,150,0.682,70150,43,42,14,1,0.9767441860465116,0.75
Base Case,5000,150,0.683,70150,43,42,14,1,0.9767441860465116,0.75
Base Case,5000,150,0.684,70150,43,42,14,1,0.9767441860465116,0.75
Base Case,5000,150,0.685,70150,43,42,14,1,0.9767441860465116,0.75
Base Case,5000,150,0.686,70150,43,42,14,1,0.9767441860465116,0.75
Base Case,5000,150,0.687,70150,43,42,14,1,0.9767441860465116,0.75
Base Case,5000,150,0.6880000000000001,70150,43,42,14,1,0.9767441860465116,0.75
Base Case,5000,150,0.6890000000000001,70150,43,42,14,1,0.9767441860465116,0.75
Base Case,5000,150,0.6900000000000001,70150,43,42,14,1,0.9767441860465116,0.75
Base Case,5000,150,0.6910000000000001,70150,43,42,14,1,0.9767441860465116,0.75
Base Case,5000,150,0.6920000000000001,70150,43,42,14,1,0.9767441860465116,0.75
Base Case,5000,150,0.6930000000000001,70150,43,42,14,1,0.9767441860465116,0.75
Base Case,5000,150,0.6940000000000001,70150,43,42,14,1,0.9767441860465116,0.75
Base Case,5000,150,0.6950000000000001,70150,43,42,14,1,0.9767441860465116,0.75
Base Case,5000,150,0.6960000000000001,70150,43,42,14,1,0.9767441860465116,0.75
Base Case,5000,150,0.6970000000000001,70150,43,42,14,1,0.9767441860465116,0.75
Base Case,5000,150,0.6980000000000001,70150,43,42,14,1,0.9767441860465116,0.75
Base Case,5000,150,0.6990000000000001,70150,43,42,14,1,0.9767441860465116,0.75
Base Case,5000,150,0.7000000000000001,70150,43,42,14,1,0.9767441860465116,0.75
Base Case,5000,150,0.7010000000000001,70150,43,42,14,1,0.9767441860465116,0.75
Base Case,5000,150,0.7020000000000001,70150,43,42,14,1,0.9767441860465116,0.75
Base Case,5000,150,0.7030000000000001,70150,43,42,14,1,0.9767441860465116,0.75
Base Case,5000,150,0.704,70150,43,42,14,1,0.9767441860465116,0.75
Base Case,5000,150,0.705,70150,43,42,14,1,0.9767441860465116,0.75
Base Case,5000,150,0.706,70150,43,42,14,1,0.9767441860465116,0.75
Base Case,5000,150,0.707,70150,43,42,14,1,0.9767441860465116,0.75
Base Case,5000,150,0.708,70150,43,42,14,1,0.9767441860465116,0.75
Base Case,5000,150,0.709,70150,43,42,14,1,0.9767441860465116,0.75
Base Case,5000,150,0.71,70150,43,42,14,1,0.9767441860465116,0.75
Base Case,5000,150,0.711,70150,43,42,14,1,0.9767441860465116,0.75
Base Case,5000,150,0.712,70150,43,42,14,1,0.9767441860465116,0.75
Base Case,5000,150,0.713,70150,43,42,14,1,0.9767441860465116,0.75
Base Case,5000,150,0.714,70150,43,42,14,1,0.9767441860465116,0.75
Base Case,5000,150,0.715,70150,43,42,14,1,0.9767441860465116,0.75
Base Case,5000,150,0.716,70150,43,42,14,1,0.9767441860465116,0.75
Base Case,5000,150,0.717,70150,43,42,14,1,0.9767441860465116,0.75
Base Case,5000,150,0.718,70150,43,42,14,1,0.9767441860465116,0.75
Base Case,5000,150,0.719,70150,43,42,14,1,0.9767441860465116,0.75
Base Case,5000,150,0.72,70150,43,42,14,1,0.9767441860465116,0.75
Base Case,5000,150,0.721,70150,43,42,14,1,0.9767441860465116,0.75
Base Case,5000,150,0.722,70150,43,42,14,1,0.9767441860465116,0.75
Base Case,5000,150,0.723,70150,43,42,14,1,0.9767441860465116,0.75
Base Case,5000,150,0.724,70150,43,42,14,1,0.9767441860465116,0.75
Base Case,5000,150,0.725,70150,43,42,14,1,0.9767441860465116,0.75
Base Case,5000,150,0.726,70150,43,42,14,1,0.9767441860465116,0.75
Base Case,5000,150,0.727,70150,43,42,14,1,0.9767441860465116,0.75
Base Case,5000,150,0.728,70150,43,42,14,1,0.9767441860465116,0.75
Base Case,5000,150,0.729,70150,43,42,14,1,0.9767441860465116,0.75
Base Case,5000,150,0.73,70150,43,42,14,1,0.9767441860465116,0.75
Base Case,5000,150,0.731,70150,43,42,14,1,0.9767441860465116,0.75
Base Case,5000,150,0.732,70150,43,42,14,1,0.9767441860465116,0.75
Base Case,5000,150,0.733,70150,43,42,14,1,0.9767441860465116,0.75
Base Case,5000,150,0.734,70150,43,42,14,1,0.9767441860465116,0.75
Base Case,5000,150,0.735,70150,43,42,14,1,0.9767441860465116,0.75
Base Case,5000,150,0.736,70150,43,42,14,1,0.9767441860465116,0.75
Base Case,5000,150,0.737,70150,43,42,14,1,0.9767441860465116,0.75
Base Case,5000,150,0.738,70150,43,42,14,1,0.9767441860465116,0.75
Base Case,5000,150,0.739,70150,43,42,14,1,0.9767441860465116,0.75
Base Case,5000,150,0.74,70150,43,42,14,1,0.9767441860465116,0.75
Base Case,5000,150,0.741,70150,43,42,14,1,0.9767441860465116,0.75
Base Case,5000,150,0.742,70150,43,42,14,1,0.9767441860465116,0.75
Base Case,5000,150,0.743,70150,43,42,14,1,0.9767441860465116,0.75
Base Case,5000,150,0.744,70150,43,42,14,1,0.9767441860465116,0.75
Base Case,5000,150,0.745,70150,43,42,14,1,0.9767441860465116,0.75
Base Case,5000,150,0.746,70150,43,42,14,1,0.9767441860465116,0.75
Base Case,5000,150,0.747,70150,43,42,14,1,0.9767441860465116,0.75
Base Case,5000,150,0.748,70150,43,42,14,1,0.9767441860465116,0.75
Base Case,5000,150,0.749,70150,43,42,14,1,0.9767441860465116,0.75
Base Case,5000,150,0.75,70150,43,42,14,1,0.9767441860465116,0.75
Base Case,5000,150,0.751,70150,43,42,14,1,0.9767441860465116,0.75
Base Case,5000,150,0.752,70150,43,42,14,1,0.9767441860465116,0.75
Base Case,5000,150,0.753,70150,43,42,14,1,0.9767441860465116,0.75
Base Case,5000,150,0.754,70150,43,42,14,1,0.9767441860465116,0.75
Base Case,5000,150,0.755,70150,43,42,14,1,0.9767441860465116,0.75
Base Case,5000,150,0.756,70150,43,42,14,1,0.9767441860465116,0.75
Base Case,5000,150,0.757,70150,43,42,14,1,0.9767441860465116,0.75
Base Case,5000,150,0.758,70150,43,42,14,1,0.9767441860465116,0.75
Base Case,5000,150,0.759,70150,43,42,14,1,0.9767441860465116,0.75
Base Case,5000,150,0.76,70150,43,42,14,1,0.9767441860465116,0.75
Base Case,5000,150,0.761,70150,43,42,14,1,0.9767441860465116,0.75
Base Case,5000,150,0.762,70150,43,42,14,1,0.9767441860465116,0.75
Base Case,5000,150,0.763,70150,43,42,14,1,0.9767441860465116,0.75
Base Case,5000,150,0.764,70150,43,42,14,1,0.9767441860465116,0.75
Base Case,5000,150,0.765,70150,43,42,14,1,0.9767441860465116,0.75
Base Case,5000,150,0.766,70150,43,42,14,1,0.9767441860465116,0.75
Base Case,5000,150,0.767,70150,43,42,14,1,0.9767441860465116,0.75
Base Case,5000,150,0.768,70150,43,42,14,1,0.9767441860465116,0.75
Base Case,5000,150,0.769,70150,43,42,14,1,0.9767441860465116,0.75
Base Case,5000,150,0.77,70150,43,42,14,1,0.9767441860465116,0.75
Base Case,5000,150,0.771,70150,43,42,14,1,0.9767441860465116,0.75
Base Case,5000,150,0.772,70150,43,42,14,1,0.9767441860465116,0.75
Base Case,5000,150,0.773,70150,43,42,14,1,0.9767441860465116,0.75
Base Case,5000,150,0.774,70150,43,42,14,1,0.9767441860465116,0.75
Base Case,5000,150,0.775,70150,43,42,14,1,0.9767441860465116,0.75
Base Case,5000,150,0.776,70150,43,42,14,1,0.9767441860465116,0.75
Base Case,5000,150,0.777,70150,43,42,14,1,0.9767441860465116,0.75
Base Case,5000,150,0.778,70150,43,42,14,1,0.9767441860465116,0.75
Base Case,5000,150,0.779,70150,43,42,14,1,0.9767441860465116,0.75
Base Case,5000,150,0.78,70150,43,42,14,1,0.9767441860465116,0.75
Base Case,5000,150,0.781,70150,43,42,14,1,0.9767441860465116,0.75
Base Case,5000,150,0.782,70150,43,42,14,1,0.9767441860465116,0.75
Base Case,5000,150,0.783,70150,43,42,14,1,0.9767441860465116,0.75
Base Case,5000,150,0.784,70150,43,42,14,1,0.9767441860465116,0.75
Base Case,5000,150,0.785,70150,43,42,14,1,0.9767441860465116,0.75
Base Case,5000,150,0.786,70150,43,42,14,1,0.9767441860465116,0.75
Base Case,5000,150,0.787,70150,43,42,14,1,0.9767441860465116,0.75
Base Case,5000,150,0.788,70150,43,42,14,1,0.9767441860465116,0.75
Base Case,5000,150,0.789,70150,43,42,14,1,0.9767441860465116,0.75
Base Case,5000,150,0.79,70150,43,42,14,1,0.9767441860465116,0.75
Base Case,5000,150,0.791,70150,43,42,14,1,0.9767441860465116,0.75
Base Case,5000,150,0.792,70150,43,42,14,1,0.9767441860465116,0.75
Base Case,5000,150,0.793,70150,43,42,14,1,0.9767441860465116,0.75
Base Case,5000,150,0.794,70150,43,42,14,1,0.9767441860465116,0.75
Base Case,5000,150,0.795,70150,43,42,14,1,0.9767441860465116,0.75
Base Case,5000,150,0.796,70150,43,42,14,1,0.9767441860465116,0.75
Base Case,5000,150,0.797,70150,43,42,14,1,0.9767441860465116,0.75
Base Case,5000,150,0.798,70150,43,42,14,1,0.9767441860465116,0.75
Base Case,5000,150,0.799,70150,43,42,14,1,0.9767441860465116,0.75
Base Case,5000,150,0.8,70150,43,42,14,1,0.9767441860465116,0.75
Base Case,5000,150,0.801,70150,43,42,14,1,0.9767441860465116,0.75
Base Case,5000,150,0.802,70150,43,42,14,1,0.9767441860465116,0.75
Base Case,5000,150,0.803,70150,43,42,14,1,0.9767441860465116,0.75
Base Case,5000,150,0.804,70150,43,42,14,1,0.9767441860465116,0.75
Base Case,5000,150,0.805,70150,43,42,14,1,0.9767441860465116,0.75
Base Case,5000,150,0.806,70150,43,42,14,1,0.9767441860465116,0.75
Base Case,5000,150,0.807,70150,43,42,14,1,0.9767441860465116,0.75
Base Case,5000,150,0.808,70150,43,42,14,1,0.9767441860465116,0.75
Base Case,5000,150,0.809,70150,43,42,14,1,0.9767441860465116,0.75
Base Case,5000,150,0.81,70150,43,42,14,1,0.9767441860465116,0.75
Base Case,5000,150,0.811,70150,43,42,14,1,0.9767441860465116,0.75
Base Case,5000,150,0.812,70150,43,42,14,1,0.9767441860465116,0.75
Base Case,5000,150,0.8130000000000001,70150,43,42,14,1,0.9767441860465116,0.75
Base Case,5000,150,0.8140000000000001,70150,43,42,14,1,0.9767441860465116,0.75
Base Case,5000,150,0.8150000000000001,70150,43,42,14,1,0.9767441860465116,0.75
Base Case,5000,150,0.8160000000000001,70150,43,42,14,1,0.9767441860465116,0.75
Base Case,5000,150,0.8170000000000001,70150,43,42,14,1,0.9767441860465116,0.75
Base Case,5000,150,0.8180000000000001,70150,43,42,14,1,0.9767441860465116,0.75
Base Case,5000,150,0.8190000000000001,70150,43,42,14,1,0.9767441860465116,0.75
Base Case,5000,150,0.8200000000000001,70150,43,42,14,1,0.9767441860465116,0.75
Base Case,5000,150,0.8210000000000001,70150,43,42,14,1,0.9767441860465116,0.75
Base Case,5000,150,0.8220000000000001,70150,43,42,14,1,0.9767441860465116,0.75
Base Case,5000,150,0.8230000000000001,70150,43,42,14,1,0.9767441860465116,0.75
Base Case,5000,150,0.8240000000000001,70150,43,42,14,1,0.9767441860465116,0.75
Base Case,5000,150,0.8250000000000001,70150,43,42,14,1,0.9767441860465116,0.75
Base Case,5000,150,0.8260000000000001,70150,43,42,14,1,0.9767441860465116,0.75
Base Case,5000,150,0.8270000000000001,70150,43,42,14,1,0.9767441860465116,0.75
Base Case,5000,150,0.8280000000000001,70150,43,42,14,1,0.9767441860465116,0.75
Base Case,5000,150,0.8290000000000001,70150,43,42,14,1,0.9767441860465116,0.75
Base Case,5000,150,0.8300000000000001,70150,43,42,14,1,0.9767441860465116,0.75
Base Case,5000,150,0.8310000000000001,70150,43,42,14,1,0.9767441860465116,0.75
Base Case,5000,150,0.8320000000000001,70150,43,42,14,1,0.9767441860465116,0.75
Base Case,5000,150,0.833,70150,43,42,14,1,0.9767441860465116,0.75
Base Case,5000,150,0.834,70150,43,42,14,1,0.9767441860465116,0.75
Base Case,5000,150,0.835,70150,43,42,14,1,0.9767441860465116,0.75
Base Case,5000,150,0.836,70150,43,42,14,1,0.9767441860465116,0.75
Base Case,5000,150,0.837,70150,43,42,14,1,0.9767441860465116,0.75
Base Case,5000,150,0.838,70150,43,42,14,1,0.9767441860465116,0.75
Base Case,5000,150,0.839,70150,43,42,14,1,0.9767441860465116,0.75
Base Case,5000,150,0.84,70150,43,42,14,1,0.9767441860465116,0.75
Base Case,5000,150,0.841,70150,43,42,14,1,0.9767441860465116,0.75
Base Case,5000,150,0.842,70150,43,42,14,1,0.9767441860465116,0.75
Base Case,5000,150,0.843,70150,43,42,14,1,0.9767441860465116,0.75
Base Case,5000,150,0.844,70150,43,42,14,1,0.9767441860465116,0.75
Base Case,5000,150,0.845,70150,43,42,14,1,0.9767441860465116,0.75
Base Case,5000,150,0.846,70150,43,42,14,1,0.9767441860465116,0.75
Base Case,5000,150,0.847,70150,43,42,14,1,0.9767441860465116,0.75
Base Case,5000,150,0.848,70150,43,42,14,1,0.9767441860465116,0.75
Base Case,5000,150,0.849,70150,43,42,14,1,0.9767441860465116,0.75
Base Case,5000,150,0.85,70150,43,42,14,1,0.9767441860465116,0.75
Base Case,5000,150,0.851,70150,43,42,14,1,0.9767441860465116,0.75
Base Case,5000,150,0.852,70150,43,42,14,1,0.9767441860465116,0.75
Base Case,5000,150,0.853,70150,43,42,14,1,0.9767441860465116,0.75
Base Case,5000,150,0.854,70150,43,42,14,1,0.9767441860465116,0.75
Base Case,5000,150,0.855,70150,43,42,14,1,0.9767441860465116,0.75
Base Case,5000,150,0.856,70150,43,42,14,1,0.9767441860465116,0.75
Base Case,5000,150,0.857,70150,43,42,14,1,0.9767441860465116,0.75
Base Case,5000,150,0.858,70150,43,42,14,1,0.9767441860465116,0.75
Base Case,5000,150,0.859,70150,43,42,14,1,0.9767441860465116,0.75
Base Case,5000,150,0.86,70150,43,42,14,1,0.9767441860465116,0.75
Base Case,5000,150,0.861,70150,43,42,14,1,0.9767441860465116,0.75
Base Case,5000,150,0.862,70150,43,42,14,1,0.9767441860465116,0.75
Base Case,5000,150,0.863,70150,43,42,14,1,0.9767441860465116,0.75
Base Case,5000,150,0.864,70150,43,42,14,1,0.9767441860465116,0.75
Base Case,5000,150,0.865,70150,43,42,14,1,0.9767441860465116,0.75
Base Case,5000,150,0.866,70150,43,42,14,1,0.9767441860465116,0.75
Base Case,5000,150,0.867,70150,43,42,14,1,0.9767441860465116,0.75
Base Case,5000,150,0.868,70150,43,42,14,1,0.9767441860465116,0.75
Base Case,5000,150,0.869,70150,43,42,14,1,0.9767441860465116,0.75
Base Case,5000,150,0.87,70150,43,42,14,1,0.9767441860465116,0.75
Base Case,5000,150,0.871,70150,43,42,14,1,0.9767441860465116,0.75
Base Case,5000,150,0.872,70150,43,42,14,1,0.9767441860465116,0.75
Base Case,5000,150,0.873,70150,43,42,14,1,0.9767441860465116,0.75
Base Case,5000,150,0.874,70150,43,42,14,1,0.9767441860465116,0.75
Base Case,5000,150,0.875,70150,43,42,14,1,0.9767441860465116,0.75
Base Case,5000,150,0.876,70150,43,42,14,1,0.9767441860465116,0.75
Base Case,5000,150,0.877,70150,43,42,14,1,0.9767441860465116,0.75
Base Case,5000,150,0.878,70150,43,42,14,1,0.9767441860465116,0.75
Base Case,5000,150,0.879,70150,43,42,14,1,0.9767441860465116,0.75
Base Case,5000,150,0.88,70150,43,42,14,1,0.9767441860465116,0.75
Base Case,5000,150,0.881,70150,43,42,14,1,0.9767441860465116,0.75
Base Case,5000,150,0.882,70150,43,42,14,1,0.9767441860465116,0.75
Base Case,5000,150,0.883,70150,43,42,14,1,0.9767441860465116,0.75
Base Case,5000,150,0.884,70150,43,42,14,1,0.9767441860465116,0.75
Base Case,5000,150,0.885,70150,43,42,14,1,0.9767441860465116,0.75
Base Case,5000,150,0.886,70150,43,42,14,1,0.9767441860465116,0.75
Base Case,5000,150,0.887,70150,43,42,14,1,0.9767441860465116,0.75
Base Case,5000,150,0.888,70150,43,42,14,1,0.9767441860465116,0.75
Base Case,5000,150,0.889,70150,43,42,14,1,0.9767441860465116,0.75
Base Case,5000,150,0.89,70150,43,42,14,1,0.9767441860465116,0.75
Base Case,5000,150,0.891,70150,43,42,14,1,0.9767441860465116,0.75
Base Case,5000,150,0.892,70150,43,42,14,1,0.9767441860465116,0.75
Base Case,5000,150,0.893,70150,43,42,14,1,0.9767441860465116,0.75
Base Case,5000,150,0.894,70150,43,42,14,1,0.9767441860465116,0.75
Base Case,5000,150,0.895,70150,43,42,14,1,0.9767441860465116,0.75
Base Case,5000,150,0.896,70150,43,42,14,1,0.9767441860465116,0.75
Base Case,5000,150,0.897,70150,43,42,14,1,0.9767441860465116,0.75
Base Case,5000,150,0.898,70150,43,42,14,1,0.9767441860465116,0.75
Base Case,5000,150,0.899,70150,43,42,14,1,0.9767441860465116,0.75
Base Case,5000,150,0.9,70150,43,42,14,1,0.9767441860465116,0.75
Base Case,5000,150,0.901,70150,43,42,14,1,0.9767441860465116,0.75
Base Case,5000,150,0.902,70150,43,42,14,1,0.9767441860465116,0.75
Base Case,5000,150,0.903,70150,43,42,14,1,0.9767441860465116,0.75
Base Case,5000,150,0.904,70150,43,42,14,1,0.9767441860465116,0.75
Base Case,5000,150,0.905,70150,43,42,14,1,0.9767441860465116,0.75
Base Case,5000,150,0.906,70150,43,42,14,1,0.9767441860465116,0.75
Base Case,5000,150,0.907,70150,43,42,14,1,0.9767441860465116,0.75
Base Case,5000,150,0.908,70150,43,42,14,1,0.9767441860465116,0.75
Base Case,5000,150,0.909,70150,43,42,14,1,0.9767441860465116,0.75
Base Case,5000,150,0.91,70150,43,42,14,1,0.9767441860465116,0.75
Base Case,5000,150,0.911,70150,43,42,14,1,0.9767441860465116,0.75
Base Case,5000,150,0.912,70150,43,42,14,1,0.9767441860465116,0.75
Base Case,5000,150,0.913,70150,43,42,14,1,0.9767441860465116,0.75
Base Case,5000,150,0.914,70150,43,42,14,1,0.9767441860465116,0.75
Base Case,5000,150,0.915,70150,43,42,14,1,0.9767441860465116,0.75
Base Case,5000,150,0.916,70150,43,42,14,1,0.9767441860465116,0.75
Base Case,5000,150,0.917,70150,43,42,14,1,0.9767441860465116,0.75
Base Case,5000,150,0.918,70150,43,42,14,1,0.9767441860465116,0.75
Base Case,5000,150,0.919,70150,43,42,14,1,0.9767441860465116,0.75
Base Case,5000,150,0.92,70150,43,42,14,1,0.9767441860465116,0.75
Base Case,5000,150,0.921,70150,43,42,14,1,0.9767441860465116,0.75
Base Case,5000,150,0.922,70150,43,42,14,1,0.9767441860465116,0.75
Base Case,5000,150,0.923,70150,43,42,14,1,0.9767441860465116,0.75
Base Case,5000,150,0.924,70150,43,42,14,1,0.9767441860465116,0.75
Base Case,5000,150,0.925,70150,43,42,14,1,0.9767441860465116,0.75
Base Case,5000,150,0.926,70150,43,42,14,1,0.9767441860465116,0.75
Base Case,5000,150,0.927,70150,43,42,14,1,0.9767441860465116,0.75
Base Case,5000,150,0.928,70150,43,42,14,1,0.9767441860465116,0.75
Base Case,5000,150,0.929,70150,43,42,14,1,0.9767441860465116,0.75
Base Case,5000,150,0.93,70150,43,42,14,1,0.9767441860465116,0.75
Base Case,5000,150,0.931,70150,43,42,14,1,0.9767441860465116,0.75
Base Case,5000,150,0.932,70150,43,42,14,1,0.9767441860465116,0.75
Base Case,5000,150,0.933,70150,43,42,14,1,0.9767441860465116,0.75
Base Case,5000,150,0.934,70150,43,42,14,1,0.9767441860465116,0.75
Base Case,5000,150,0.935,70150,43,42,14,1,0.9767441860465116,0.75
Base Case,5000,150,0.936,70150,43,42,14,1,0.9767441860465116,0.75
Base Case,5000,150,0.937,70150,43,42,14,1,0.9767441860465116,0.75
Base Case,5000,150,0.9380000000000001,70150,43,42,14,1,0.9767441860465116,0.75
Base Case,5000,150,0.9390000000000001,70150,43,42,14,1,0.9767441860465116,0.75
Base Case,5000,150,0.9400000000000001,70150,43,42,14,1,0.9767441860465116,0.75
Base Case,5000,150,0.9410000000000001,70150,43,42,14,1,0.9767441860465116,0.75
Base Case,5000,150,0.9420000000000001,70150,43,42,14,1,0.9767441860465116,0.75
Base Case,5000,150,0.9430000000000001,70150,43,42,14,1,0.9767441860465116,0.75
Base Case,5000,150,0.9440000000000001,70150,43,42,14,1,0.9767441860465116,0.75
Base Case,5000,150,0.9450000000000001,70150,43,42,14,1,0.9767441860465116,0.75
Base Case,5000,150,0.9460000000000001,70150,43,42,14,1,0.9767441860465116,0.75
Base Case,5000,150,0.9470000000000001,70150,43,42,14,1,0.9767441860465116,0.75
Base Case,5000,150,0.9480000000000001,70150,43,42,14,1,0.9767441860465116,0.75
Base Case,5000,150,0.9490000000000001,70150,43,42,14,1,0.9767441860465116,0.75
Base Case,5000,150,0.9500000000000001,70150,43,42,14,1,0.9767441860465116,0.75
Base Case,5000,150,0.9510000000000001,70150,43,42,14,1,0.9767441860465116,0.75
Base Case,5000,150,0.9520000000000001,70150,43,42,14,1,0.9767441860465116,0.75
Base Case,5000,150,0.9530000000000001,70150,43,42,14,1,0.9767441860465116,0.75
Base Case,5000,150,0.9540000000000001,70150,43,42,14,1,0.9767441860465116,0.75
Base Case,5000,150,0.9550000000000001,70150,43,42,14,1,0.9767441860465116,0.75
Base Case,5000,150,0.9560000000000001,70150,43,42,14,1,0.9767441860465116,0.75
Base Case,5000,150,0.9570000000000001,70150,43,42,14,1,0.9767441860465116,0.75
Base Case,5000,150,0.9580000000000001,70150,43,42,14,1,0.9767441860465116,0.75
Base Case,5000,150,0.9590000000000001,70150,43,42,14,1,0.9767441860465116,0.75
Base Case,5000,150,0.96,70150,43,42,14,1,0.9767441860465116,0.75
Base Case,5000,150,0.961,70150,43,42,14,1,0.9767441860465116,0.75
Base Case,5000,150,0.962,70150,43,42,14,1,0.9767441860465116,0.75
Base Case,5000,150,0.963,75150,42,41,15,1,0.9761904761904762,0.7321428571428571
Base Case,5000,150,0.964,75150,42,41,15,1,0.9761904761904762,0.7321428571428571
Base Case,5000,150,0.965,75150,42,41,15,1,0.9761904761904762,0.7321428571428571
Base Case,5000,150,0.966,75150,42,41,15,1,0.9761904761904762,0.7321428571428571
Base Case,5000,150,0.967,75150,42,41,15,1,0.9761904761904762,0.7321428571428571
Base Case,5000,150,0.968,80150,41,40,16,1,0.975609756097561,0.7142857142857143
Base Case,5000,150,0.969,80150,41,40,16,1,0.975609756097561,0.7142857142857143
Base Case,5000,150,0.97,80150,41,40,16,1,0.975609756097561,0.7142857142857143
Base Case,5000,150,0.971,80150,41,40,16,1,0.975609756097561,0.7142857142857143
Base Case,5000,150,0.972,80150,41,40,16,1,0.975609756097561,0.7142857142857143
Base Case,5000,150,0.973,80150,41,40,16,1,0.975609756097561,0.7142857142857143
Base Case,5000,150,0.974,80150,41,40,16,1,0.975609756097561,0.7142857142857143
Base Case,5000,150,0.975,80150,41,40,16,1,0.975609756097561,0.7142857142857143
Base Case,5000,150,0.976,80150,41,40,16,1,0.975609756097561,0.7142857142857143
Base Case,5000,150,0.977,80000,40,40,16,0,1.0,0.7142857142857143
Base Case,5000,150,0.978,80000,40,40,16,0,1.0,0.7142857142857143
Base Case,5000,150,0.979,80000,40,40,16,0,1.0,0.7142857142857143
Base Case,5000,150,0.98,80000,40,40,16,0,1.0,0.7142857142857143
Base Case,5000,150,0.981,80000,40,40,16,0,1.0,0.7142857142857143
Base Case,5000,150,0.982,80000,40,40,16,0,1.0,0.7142857142857143
Base Case,5000,150,0.983,80000,40,40,16,0,1.0,0.7142857142857143
Base Case,5000,150,0.984,80000,40,40,16,0,1.0,0.7142857142857143
Base Case,5000,150,0.985,80000,40,40,16,0,1.0,0.7142857142857143
Base Case,5000,150,0.986,80000,40,40,16,0,1.0,0.7142857142857143
Base Case,5000,150,0.987,80000,40,40,16,0,1.0,0.7142857142857143
Base Case,5000,150,0.988,90000,38,38,18,0,1.0,0.6785714285714286
Base Case,5000,150,0.989,90000,38,38,18,0,1.0,0.6785714285714286
Base Case,5000,150,0.99,90000,38,38,18,0,1.0,0.6785714285714286
Base Case,5000,150,0.991,90000,38,38,18,0,1.0,0.6785714285714286
Base Case,5000,150,0.992,90000,38,38,18,0,1.0,0.6785714285714286
Base Case,5000,150,0.993,90000,38,38,18,0,1.0,0.6785714285714286
Base Case,5000,150,0.994,90000,38,38,18,0,1.0,0.6785714285714286
Base Case,5000,150,0.995,95000,37,37,19,0,1.0,0.6607142857142857
Base Case,5000,150,0.996,95000,37,37,19,0,1.0,0.6607142857142857
Base Case,5000,150,0.997,95000,37,37,19,0,1.0,0.6607142857142857
Base Case,5000,150,0.998,95000,37,37,19,0,1.0,0.6607142857142857
Base Case,5000,150,0.999,100000,36,36,20,0,1.0,0.6428571428571429
High Friction,2000,300,0.001,89400,308,50,6,258,0.16233766233766234,0.8928571428571429
High Friction,2000,300,0.002,60600,212,50,6,162,0.2358490566037736,0.8928571428571429
High Friction,2000,300,0.003,50600,171,49,7,122,0.28654970760233917,0.875
High Friction,2000,300,0.004,41900,142,49,7,93,0.34507042253521125,0.875
High Friction,2000,300,0.005,36800,125,49,7,76,0.392,0.875
High Friction,2000,300,0.006,35600,121,49,7,72,0.4049586776859504,0.875
High Friction,2000,300,0.007,32000,109,49,7,60,0.44954128440366975,0.875
High Friction,2000,300,0.008,29600,101,49,7,52,0.48514851485148514,0.875
High Friction,2000,300,0.009000000000000001,28400,97,49,7,48,0.5051546391752577,0.875
High Friction,2000,300,0.01,27200,93,49,7,44,0.5268817204301075,0.875
High Friction,2000,300,0.011,26300,90,49,7,41,0.5444444444444444,0.875
High Friction,2000,300,0.012,24800,85,49,7,36,0.5764705882352941,0.875
High Friction,2000,300,0.013000000000000001,24800,85,49,7,36,0.5764705882352941,0.875
High Friction,2000,300,0.014,24500,84,49,7,35,0.5833333333333334,0.875
High Friction,2000,300,0.015,23900,82,49,7,33,0.5975609756097561,0.875
High Friction,2000,300,0.016,23300,80,49,7,31,0.6125,0.875
High Friction,2000,300,0.017,23000,79,49,7,30,0.620253164556962,0.875
High Friction,2000,300,0.018000000000000002,22400,77,49,7,28,0.6363636363636364,0.875
High Friction,2000,300,0.019,21800,75,49,7,26,0.6533333333333333,0.875
High Friction,2000,300,0.02,23200,72,48,8,24,0.6666666666666666,0.8571428571428571
High Friction,2000,300,0.021,23200,72,48,8,24,0.6666666666666666,0.8571428571428571
High Friction,2000,300,0.022,22900,71,48,8,23,0.676056338028169,0.8571428571428571
High Friction,2000,300,0.023,22900,71,48,8,23,0.676056338028169,0.8571428571428571
High Friction,2000,300,0.024,22600,70,48,8,22,0.6857142857142857,0.8571428571428571
High Friction,2000,300,0.025,22300,69,48,8,21,0.6956521739130435,0.8571428571428571
High Friction,2000,300,0.026000000000000002,22000,68,48,8,20,0.7058823529411765,0.8571428571428571
High Friction,2000,300,0.027,21700,67,48,8,19,0.7164179104477612,0.8571428571428571
High Friction,2000,300,0.028,21700,67,48,8,19,0.7164179104477612,0.8571428571428571
High Friction,2000,300,0.029,21700,67,48,8,19,0.7164179104477612,0.8571428571428571
High Friction,2000,300,0.03,21700,67,48,8,19,0.7164179104477612,0.8571428571428571
High Friction,2000,300,0.031,23400,65,47,9,18,0.7230769230769231,0.8392857142857143
High Friction,2000,300,0.032,23100,64,47,9,17,0.734375,0.8392857142857143
High Friction,2000,300,0.033,23100,64,47,9,17,0.734375,0.8392857142857143
High Friction,2000,300,0.034,22800,63,47,9,16,0.746031746031746,0.8392857142857143
High Friction,2000,300,0.035,22200,61,47,9,14,0.7704918032786885,0.8392857142857143
High Friction,2000,300,0.036000000000000004,24200,60,46,10,14,0.7666666666666667,0.8214285714285714
High Friction,2000,300,0.037,24200,60,46,10,14,0.7666666666666667,0.8214285714285714
High Friction,2000,300,0.038,24200,60,46,10,14,0.7666666666666667,0.8214285714285714
High Friction,2000,300,0.039,24200,60,46,10,14,0.7666666666666667,0.8214285714285714
High Friction,2000,300,0.04,24200,60,46,10,14,0.7666666666666667,0.8214285714285714
High Friction,2000,300,0.041,24200,60,46,10,14,0.7666666666666667,0.8214285714285714
High Friction,2000,300,0.042,24200,60,46,10,14,0.7666666666666667,0.8214285714285714
High Friction,2000,300,0.043000000000000003,23900,59,46,10,13,0.7796610169491526,0.8214285714285714
High Friction,2000,300,0.044,23900,59,46,10,13,0.7796610169491526,0.8214285714285714
High Friction,2000,300,0.045,23900,59,46,10,13,0.7796610169491526,0.8214285714285714
High Friction,2000,300,0.046,23900,59,46,10,13,0.7796610169491526,0.8214285714285714
High Friction,2000,300,0.047,23900,59,46,10,13,0.7796610169491526,0.8214285714285714
High Friction,2000,300,0.048,23900,59,46,10,13,0.7796610169491526,0.8214285714285714
High Friction,2000,300,0.049,23900,59,46,10,13,0.7796610169491526,0.8214285714285714
High Friction,2000,300,0.05,23900,59,46,10,13,0.7796610169491526,0.8214285714285714
High Friction,2000,300,0.051000000000000004,23900,59,46,10,13,0.7796610169491526,0.8214285714285714
High Friction,2000,300,0.052000000000000005,23900,59,46,10,13,0.7796610169491526,0.8214285714285714
High Friction,2000,300,0.053,23600,58,46,10,12,0.7931034482758621,0.8214285714285714
High Friction,2000,300,0.054,23600,58,46,10,12,0.7931034482758621,0.8214285714285714
High Friction,2000,300,0.055,23600,58,46,10,12,0.7931034482758621,0.8214285714285714
High Friction,2000,300,0.056,23600,58,46,10,12,0.7931034482758621,0.8214285714285714
High Friction,2000,300,0.057,23600,58,46,10,12,0.7931034482758621,0.8214285714285714
High Friction,2000,300,0.058,23600,58,46,10,12,0.7931034482758621,0.8214285714285714
High Friction,2000,300,0.059000000000000004,23600,58,46,10,12,0.7931034482758621,0.8214285714285714
High Friction,2000,300,0.06,23600,58,46,10,12,0.7931034482758621,0.8214285714285714
High Friction,2000,300,0.061,23600,58,46,10,12,0.7931034482758621,0.8214285714285714
High Friction,2000,300,0.062,23600,58,46,10,12,0.7931034482758621,0.8214285714285714
High Friction,2000,300,0.063,23600,58,46,10,12,0.7931034482758621,0.8214285714285714
High Friction,2000,300,0.064,23600,58,46,10,12,0.7931034482758621,0.8214285714285714
High Friction,2000,300,0.065,23600,58,46,10,12,0.7931034482758621,0.8214285714285714
High Friction,2000,300,0.066,23300,57,46,10,11,0.8070175438596491,0.8214285714285714
High Friction,2000,300,0.067,23000,56,46,10,10,0.8214285714285714,0.8214285714285714
High Friction,2000,300,0.068,23000,56,46,10,10,0.8214285714285714,0.8214285714285714
High Friction,2000,300,0.069,23000,56,46,10,10,0.8214285714285714,0.8214285714285714
High Friction,2000,300,0.07,23000,56,46,10,10,0.8214285714285714,0.8214285714285714
High Friction,2000,300,0.07100000000000001,23000,56,46,10,10,0.8214285714285714,0.8214285714285714
High Friction,2000,300,0.07200000000000001,23000,56,46,10,10,0.8214285714285714,0.8214285714285714
High Friction,2000,300,0.073,23000,56,46,10,10,0.8214285714285714,0.8214285714285714
High Friction,2000,300,0.074,23000,56,46,10,10,0.8214285714285714,0.8214285714285714
High Friction,2000,300,0.075,23000,56,46,10,10,0.8214285714285714,0.8214285714285714
High Friction,2000,300,0.076,23000,56,46,10,10,0.8214285714285714,0.8214285714285714
High Friction,2000,300,0.077,23000,56,46,10,10,0.8214285714285714,0.8214285714285714
High Friction,2000,300,0.078,23000,56,46,10,10,0.8214285714285714,0.8214285714285714
High Friction,2000,300,0.079,23000,56,46,10,10,0.8214285714285714,0.8214285714285714
High Friction,2000,300,0.08,23000,56,46,10,10,0.8214285714285714,0.8214285714285714
High Friction,2000,300,0.081,22700,55,46,10,9,0.8363636363636363,0.8214285714285714
High Friction,2000,300,0.082,22700,55,46,10,9,0.8363636363636363,0.8214285714285714
High Friction,2000,300,0.083,22700,55,46,10,9,0.8363636363636363,0.8214285714285714
High Friction,2000,300,0.084,22700,55,46,10,9,0.8363636363636363,0.8214285714285714
High Friction,2000,300,0.085,22700,55,46,10,9,0.8363636363636363,0.8214285714285714
High Friction,2000,300,0.08600000000000001,22400,54,46,10,8,0.8518518518518519,0.8214285714285714
High Friction,2000,300,0.08700000000000001,22400,54,46,10,8,0.8518518518518519,0.8214285714285714
High Friction,2000,300,0.088,22400,54,46,10,8,0.8518518518518519,0.8214285714285714
High Friction,2000,300,0.089,22400,54,46,10,8,0.8518518518518519,0.8214285714285714
High Friction,2000,300,0.09,22400,54,46,10,8,0.8518518518518519,0.8214285714285714
High Friction,2000,300,0.091,22400,54,46,10,8,0.8518518518518519,0.8214285714285714
High Friction,2000,300,0.092,22400,54,46,10,8,0.8518518518518519,0.8214285714285714
High Friction,2000,300,0.093,22400,54,46,10,8,0.8518518518518519,0.8214285714285714
High Friction,2000,300,0.094,22400,54,46,10,8,0.8518518518518519,0.8214285714285714
High Friction,2000,300,0.095,22400,54,46,10,8,0.8518518518518519,0.8214285714285714
High Friction,2000,300,0.096,22400,54,46,10,8,0.8518518518518519,0.8214285714285714
High Friction,2000,300,0.097,22400,54,46,10,8,0.8518518518518519,0.8214285714285714
High Friction,2000,300,0.098,22400,54,46,10,8,0.8518518518518519,0.8214285714285714
High Friction,2000,300,0.099,22400,54,46,10,8,0.8518518518518519,0.8214285714285714
High Friction,2000,300,0.1,22400,54,46,10,8,0.8518518518518519,0.8214285714285714
High Friction,2000,300,0.101,22400,54,46,10,8,0.8518518518518519,0.8214285714285714
High Friction,2000,300,0.10200000000000001,22400,54,46,10,8,0.8518518518518519,0.8214285714285714
High Friction,2000,300,0.10300000000000001,22400,54,46,10,8,0.8518518518518519,0.8214285714285714
High Friction,2000,300,0.10400000000000001,22400,54,46,10,8,0.8518518518518519,0.8214285714285714
High Friction,2000,300,0.105,22400,54,46,10,8,0.8518518518518519,0.8214285714285714
High Friction,2000,300,0.106,22400,54,46,10,8,0.8518518518518519,0.8214285714285714
High Friction,2000,300,0.107,22400,54,46,10,8,0.8518518518518519,0.8214285714285714
High Friction,2000,300,0.108,22400,54,46,10,8,0.8518518518518519,0.8214285714285714
High Friction,2000,300,0.109,22400,54,46,10,8,0.8518518518518519,0.8214285714285714
High Friction,2000,300,0.11,22400,54,46,10,8,0.8518518518518519,0.8214285714285714
High Friction,2000,300,0.111,22400,54,46,10,8,0.8518518518518519,0.8214285714285714
High Friction,2000,300,0.112,22400,54,46,10,8,0.8518518518518519,0.8214285714285714
High Friction,2000,300,0.113,22400,54,46,10,8,0.8518518518518519,0.8214285714285714
High Friction,2000,300,0.114,22400,54,46,10,8,0.8518518518518519,0.8214285714285714
High Friction,2000,300,0.115,22400,54,46,10,8,0.8518518518518519,0.8214285714285714
High Friction,2000,300,0.116,22400,54,46,10,8,0.8518518518518519,0.8214285714285714
High Friction,2000,300,0.117,22400,54,46,10,8,0.8518518518518519,0.8214285714285714
High Friction,2000,300,0.11800000000000001,22400,54,46,10,8,0.8518518518518519,0.8214285714285714
High Friction,2000,300,0.11900000000000001,22400,54,46,10,8,0.8518518518518519,0.8214285714285714
High Friction,2000,300,0.12,22400,54,46,10,8,0.8518518518518519,0.8214285714285714
High Friction,2000,300,0.121,22400,54,46,10,8,0.8518518518518519,0.8214285714285714
High Friction,2000,300,0.122,22400,54,46,10,8,0.8518518518518519,0.8214285714285714
High Friction,2000,300,0.123,22400,54,46,10,8,0.8518518518518519,0.8214285714285714
High Friction,2000,300,0.124,22400,54,46,10,8,0.8518518518518519,0.8214285714285714
High Friction,2000,300,0.125,22400,54,46,10,8,0.8518518518518519,0.8214285714285714
High Friction,2000,300,0.126,22400,54,46,10,8,0.8518518518518519,0.8214285714285714
High Friction,2000,300,0.127,22400,54,46,10,8,0.8518518518518519,0.8214285714285714
High Friction,2000,300,0.128,22400,54,46,10,8,0.8518518518518519,0.8214285714285714
High Friction,2000,300,0.129,22400,54,46,10,8,0.8518518518518519,0.8214285714285714
High Friction,2000,300,0.13,22400,54,46,10,8,0.8518518518518519,0.8214285714285714
High Friction,2000,300,0.131,22400,54,46,10,8,0.8518518518518519,0.8214285714285714
High Friction,2000,300,0.132,22400,54,46,10,8,0.8518518518518519,0.8214285714285714
High Friction,2000,300,0.133,22400,54,46,10,8,0.8518518518518519,0.8214285714285714
High Friction,2000,300,0.134,22400,54,46,10,8,0.8518518518518519,0.8214285714285714
High Friction,2000,300,0.135,22400,54,46,10,8,0.8518518518518519,0.8214285714285714
High Friction,2000,300,0.136,22400,54,46,10,8,0.8518518518518519,0.8214285714285714
High Friction,2000,300,0.137,22400,54,46,10,8,0.8518518518518519,0.8214285714285714
High Friction,2000,300,0.138,22400,54,46,10,8,0.8518518518518519,0.8214285714285714
High Friction,2000,300,0.139,22400,54,46,10,8,0.8518518518518519,0.8214285714285714
High Friction,2000,300,0.14,22400,54,46,10,8,0.8518518518518519,0.8214285714285714
High Friction,2000,300,0.14100000000000001,22400,54,46,10,8,0.8518518518518519,0.8214285714285714
High Friction,2000,300,0.14200000000000002,22400,54,46,10,8,0.8518518518518519,0.8214285714285714
High Friction,2000,300,0.14300000000000002,22400,54,46,10,8,0.8518518518518519,0.8214285714285714
High Friction,2000,300,0.14400000000000002,22400,54,46,10,8,0.8518518518518519,0.8214285714285714
High Friction,2000,300,0.145,22400,54,46,10,8,0.8518518518518519,0.8214285714285714
High Friction,2000,300,0.146,22400,54,46,10,8,0.8518518518518519,0.8214285714285714
High Friction,2000,300,0.147,22400,54,46,10,8,0.8518518518518519,0.8214285714285714
High Friction,2000,300,0.148,22400,54,46,10,8,0.8518518518518519,0.8214285714285714
High Friction,2000,300,0.149,22400,54,46,10,8,0.8518518518518519,0.8214285714285714
High Friction,2000,300,0.15,22400,54,46,10,8,0.8518518518518519,0.8214285714285714
High Friction,2000,300,0.151,22400,54,46,10,8,0.8518518518518519,0.8214285714285714
High Friction,2000,300,0.152,22400,54,46,10,8,0.8518518518518519,0.8214285714285714
High Friction,2000,300,0.153,22400,54,46,10,8,0.8518518518518519,0.8214285714285714
High Friction,2000,300,0.154,22400,54,46,10,8,0.8518518518518519,0.8214285714285714
High Friction,2000,300,0.155,22400,54,46,10,8,0.8518518518518519,0.8214285714285714
High Friction,2000,300,0.156,22400,54,46,10,8,0.8518518518518519,0.8214285714285714
High Friction,2000,300,0.157,22400,54,46,10,8,0.8518518518518519,0.8214285714285714
High Friction,2000,300,0.158,22400,54,46,10,8,0.8518518518518519,0.8214285714285714
High Friction,2000,300,0.159,22400,54,46,10,8,0.8518518518518519,0.8214285714285714
High Friction,2000,300,0.16,22400,54,46,10,8,0.8518518518518519,0.8214285714285714
High Friction,2000,300,0.161,22400,54,46,10,8,0.8518518518518519,0.8214285714285714
High Friction,2000,300,0.162,22400,54,46,10,8,0.8518518518518519,0.8214285714285714
High Friction,2000,300,0.163,22400,54,46,10,8,0.8518518518518519,0.8214285714285714
High Friction,2000,300,0.164,22400,54,46,10,8,0.8518518518518519,0.8214285714285714
High Friction,2000,300,0.165,22400,54,46,10,8,0.8518518518518519,0.8214285714285714
High Friction,2000,300,0.166,22400,54,46,10,8,0.8518518518518519,0.8214285714285714
High Friction,2000,300,0.167,22400,54,46,10,8,0.8518518518518519,0.8214285714285714
High Friction,2000,300,0.168,22400,54,46,10,8,0.8518518518518519,0.8214285714285714
High Friction,2000,300,0.169,24400,53,45,11,8,0.8490566037735849,0.8035714285714286
High Friction,2000,300,0.17,24400,53,45,11,8,0.8490566037735849,0.8035714285714286
High Friction,2000,300,0.171,24400,53,45,11,8,0.8490566037735849,0.8035714285714286
High Friction,2000,300,0.17200000000000001,24400,53,45,11,8,0.8490566037735849,0.8035714285714286
High Friction,2000,300,0.17300000000000001,24400,53,45,11,8,0.8490566037735849,0.8035714285714286
High Friction,2000,300,0.17400000000000002,24400,53,45,11,8,0.8490566037735849,0.8035714285714286
High Friction,2000,300,0.17500000000000002,24400,53,45,11,8,0.8490566037735849,0.8035714285714286
High Friction,2000,300,0.176,24400,53,45,11,8,0.8490566037735849,0.8035714285714286
High Friction,2000,300,0.177,24400,53,45,11,8,0.8490566037735849,0.8035714285714286
High Friction,2000,300,0.178,24400,53,45,11,8,0.8490566037735849,0.8035714285714286
High Friction,2000,300,0.179,24400,53,45,11,8,0.8490566037735849,0.8035714285714286
High Friction,2000,300,0.18,24400,53,45,11,8,0.8490566037735849,0.8035714285714286
High Friction,2000,300,0.181,24400,53,45,11,8,0.8490566037735849,0.8035714285714286
High Friction,2000,300,0.182,24400,53,45,11,8,0.8490566037735849,0.8035714285714286
High Friction,2000,300,0.183,24400,53,45,11,8,0.8490566037735849,0.8035714285714286
High Friction,2000,300,0.184,26400,52,44,12,8,0.8461538461538461,0.7857142857142857
High Friction,2000,300,0.185,26400,52,44,12,8,0.8461538461538461,0.7857142857142857
High Friction,2000,300,0.186,26400,52,44,12,8,0.8461538461538461,0.7857142857142857
High Friction,2000,300,0.187,26400,52,44,12,8,0.8461538461538461,0.7857142857142857
High Friction,2000,300,0.188,26400,52,44,12,8,0.8461538461538461,0.7857142857142857
High Friction,2000,300,0.189,26400,52,44,12,8,0.8461538461538461,0.7857142857142857
High Friction,2000,300,0.19,26400,52,44,12,8,0.8461538461538461,0.7857142857142857
High Friction,2000,300,0.191,26400,52,44,12,8,0.8461538461538461,0.7857142857142857
High Friction,2000,300,0.192,26400,52,44,12,8,0.8461538461538461,0.7857142857142857
High Friction,2000,300,0.193,26400,52,44,12,8,0.8461538461538461,0.7857142857142857
High Friction,2000,300,0.194,26400,52,44,12,8,0.8461538461538461,0.7857142857142857
High Friction,2000,300,0.195,26400,52,44,12,8,0.8461538461538461,0.7857142857142857
High Friction,2000,300,0.196,26400,52,44,12,8,0.8461538461538461,0.7857142857142857
High Friction,2000,300,0.197,26400,52,44,12,8,0.8461538461538461,0.7857142857142857
High Friction,2000,300,0.198,26400,52,44,12,8,0.8461538461538461,0.7857142857142857
High Friction,2000,300,0.199,26400,52,44,12,8,0.8461538461538461,0.7857142857142857
High Friction,2000,300,0.2,26400,52,44,12,8,0.8461538461538461,0.7857142857142857
High Friction,2000,300,0.201,26400,52,44,12,8,0.8461538461538461,0.7857142857142857
High Friction,2000,300,0.202,26400,52,44,12,8,0.8461538461538461,0.7857142857142857
High Friction,2000,300,0.203,26400,52,44,12,8,0.8461538461538461,0.7857142857142857
High Friction,2000,300,0.20400000000000001,26400,52,44,12,8,0.8461538461538461,0.7857142857142857
High Friction,2000,300,0.20500000000000002,26400,52,44,12,8,0.8461538461538461,0.7857142857142857
High Friction,2000,300,0.20600000000000002,26400,52,44,12,8,0.8461538461538461,0.7857142857142857
High Friction,2000,300,0.20700000000000002,26400,52,44,12,8,0.8461538461538461,0.7857142857142857
High Friction,2000,300,0.20800000000000002,26400,52,44,12,8,0.8461538461538461,0.7857142857142857
High Friction,2000,300,0.209,26400,52,44,12,8,0.8461538461538461,0.7857142857142857
High Friction,2000,300,0.21,26400,52,44,12,8,0.8461538461538461,0.7857142857142857
High Friction,2000,300,0.211,26400,52,44,12,8,0.8461538461538461,0.7857142857142857
High Friction,2000,300,0.212,26400,52,44,12,8,0.8461538461538461,0.7857142857142857
High Friction,2000,300,0.213,26400,52,44,12,8,0.8461538461538461,0.7857142857142857
High Friction,2000,300,0.214,26400,52,44,12,8,0.8461538461538461,0.7857142857142857
High Friction,2000,300,0.215,26400,52,44,12,8,0.8461538461538461,0.7857142857142857
High Friction,2000,300,0.216,26400,52,44,12,8,0.8461538461538461,0.7857142857142857
High Friction,2000,300,0.217,26400,52,44,12,8,0.8461538461538461,0.7857142857142857
High Friction,2000,300,0.218,26400,52,44,12,8,0.8461538461538461,0.7857142857142857
High Friction,2000,300,0.219,26400,52,44,12,8,0.8461538461538461,0.7857142857142857
High Friction,2000,300,0.22,26400,52,44,12,8,0.8461538461538461,0.7857142857142857
High Friction,2000,300,0.221,26400,52,44,12,8,0.8461538461538461,0.7857142857142857
High Friction,2000,300,0.222,26400,52,44,12,8,0.8461538461538461,0.7857142857142857
High Friction,2000,300,0.223,26400,52,44,12,8,0.8461538461538461,0.7857142857142857
High Friction,2000,300,0.224,26400,52,44,12,8,0.8461538461538461,0.7857142857142857
High Friction,2000,300,0.225,26400,52,44,12,8,0.8461538461538461,0.7857142857142857
High Friction,2000,300,0.226,26400,52,44,12,8,0.8461538461538461,0.7857142857142857
High Friction,2000,300,0.227,26400,52,44,12,8,0.8461538461538461,0.7857142857142857
High Friction,2000,300,0.228,26400,52,44,12,8,0.8461538461538461,0.7857142857142857
High Friction,2000,300,0.229,26400,52,44,12,8,0.8461538461538461,0.7857142857142857
High Friction,2000,300,0.23,26400,52,44,12,8,0.8461538461538461,0.7857142857142857
High Friction,2000,300,0.231,26400,52,44,12,8,0.8461538461538461,0.7857142857142857
High Friction,2000,300,0.232,26400,52,44,12,8,0.8461538461538461,0.7857142857142857
High Friction,2000,300,0.233,26400,52,44,12,8,0.8461538461538461,0.7857142857142857
High Friction,2000,300,0.234,26400,52,44,12,8,0.8461538461538461,0.7857142857142857
High Friction,2000,300,0.23500000000000001,26400,52,44,12,8,0.8461538461538461,0.7857142857142857
High Friction,2000,300,0.23600000000000002,26400,52,44,12,8,0.8461538461538461,0.7857142857142857
High Friction,2000,300,0.23700000000000002,26400,52,44,12,8,0.8461538461538461,0.7857142857142857
High Friction,2000,300,0.23800000000000002,26400,52,44,12,8,0.8461538461538461,0.7857142857142857
High Friction,2000,300,0.23900000000000002,26400,52,44,12,8,0.8461538461538461,0.7857142857142857
High Friction,2000,300,0.24,26400,52,44,12,8,0.8461538461538461,0.7857142857142857
High Friction,2000,300,0.241,26400,52,44,12,8,0.8461538461538461,0.7857142857142857
High Friction,2000,300,0.242,26400,52,44,12,8,0.8461538461538461,0.7857142857142857
High Friction,2000,300,0.243,26400,52,44,12,8,0.8461538461538461,0.7857142857142857
High Friction,2000,300,0.244,26400,52,44,12,8,0.8461538461538461,0.7857142857142857
High Friction,2000,300,0.245,26400,52,44,12,8,0.8461538461538461,0.7857142857142857
High Friction,2000,300,0.246,26400,52,44,12,8,0.8461538461538461,0.7857142857142857
High Friction,2000,300,0.247,26400,52,44,12,8,0.8461538461538461,0.7857142857142857
High Friction,2000,300,0.248,26400,52,44,12,8,0.8461538461538461,0.7857142857142857
High Friction,2000,300,0.249,26400,52,44,12,8,0.8461538461538461,0.7857142857142857
High Friction,2000,300,0.25,26400,52,44,12,8,0.8461538461538461,0.7857142857142857
High Friction,2000,300,0.251,26400,52,44,12,8,0.8461538461538461,0.7857142857142857
High Friction,2000,300,0.252,26400,52,44,12,8,0.8461538461538461,0.7857142857142857
High Friction,2000,300,0.253,26400,52,44,12,8,0.8461538461538461,0.7857142857142857
High Friction,2000,300,0.254,26400,52,44,12,8,0.8461538461538461,0.7857142857142857
High Friction,2000,300,0.255,26400,52,44,12,8,0.8461538461538461,0.7857142857142857
High Friction,2000,300,0.256,26400,52,44,12,8,0.8461538461538461,0.7857142857142857
High Friction,2000,300,0.257,26400,52,44,12,8,0.8461538461538461,0.7857142857142857
High Friction,2000,300,0.258,26400,52,44,12,8,0.8461538461538461,0.7857142857142857
High Friction,2000,300,0.259,26400,52,44,12,8,0.8461538461538461,0.7857142857142857
High Friction,2000,300,0.26,26400,52,44,12,8,0.8461538461538461,0.7857142857142857
High Friction,2000,300,0.261,26400,52,44,12,8,0.8461538461538461,0.7857142857142857
High Friction,2000,300,0.262,26400,52,44,12,8,0.8461538461538461,0.7857142857142857
High Friction,2000,300,0.263,26400,52,44,12,8,0.8461538461538461,0.7857142857142857
High Friction,2000,300,0.264,26400,52,44,12,8,0.8461538461538461,0.7857142857142857
High Friction,2000,300,0.265,26400,52,44,12,8,0.8461538461538461,0.7857142857142857
High Friction,2000,300,0.266,26400,52,44,12,8,0.8461538461538461,0.7857142857142857
High Friction,2000,300,0.267,26400,52,44,12,8,0.8461538461538461,0.7857142857142857
High Friction,2000,300,0.268,26400,52,44,12,8,0.8461538461538461,0.7857142857142857
High Friction,2000,300,0.269,26400,52,44,12,8,0.8461538461538461,0.7857142857142857
High Friction,2000,300,0.27,26400,52,44,12,8,0.8461538461538461,0.7857142857142857
High Friction,2000,300,0.271,26100,51,44,12,7,0.8627450980392157,0.7857142857142857
High Friction,2000,300,0.272,26100,51,44,12,7,0.8627450980392157,0.7857142857142857
High Friction,2000,300,0.273,26100,51,44,12,7,0.8627450980392157,0.7857142857142857
High Friction,2000,300,0.274,26100,51,44,12,7,0.8627450980392157,0.7857142857142857
High Friction,2000,300,0.275,26100,51,44,12,7,0.8627450980392157,0.7857142857142857
High Friction,2000,300,0.276,26100,51,44,12,7,0.8627450980392157,0.7857142857142857
High Friction,2000,300,0.277,26100,51,44,12,7,0.8627450980392157,0.7857142857142857
High Friction,2000,300,0.278,26100,51,44,12,7,0.8627450980392157,0.7857142857142857
High Friction,2000,300,0.279,26100,51,44,12,7,0.8627450980392157,0.7857142857142857
High Friction,2000,300,0.28,26100,51,44,12,7,0.8627450980392157,0.7857142857142857
High Friction,2000,300,0.281,26100,51,44,12,7,0.8627450980392157,0.7857142857142857
High Friction,2000,300,0.28200000000000003,26100,51,44,12,7,0.8627450980392157,0.7857142857142857
High Friction,2000,300,0.28300000000000003,26100,51,44,12,7,0.8627450980392157,0.7857142857142857
High Friction,2000,300,0.28400000000000003,26100,51,44,12,7,0.8627450980392157,0.7857142857142857
High Friction,2000,300,0.28500000000000003,26100,51,44,12,7,0.8627450980392157,0.7857142857142857
High Friction,2000,300,0.28600000000000003,26100,51,44,12,7,0.8627450980392157,0.7857142857142857
High Friction,2000,300,0.28700000000000003,26100,51,44,12,7,0.8627450980392157,0.7857142857142857
High Friction,2000,300,0.28800000000000003,26100,51,44,12,7,0.8627450980392157,0.7857142857142857
High Friction,2000,300,0.289,26100,51,44,12,7,0.8627450980392157,0.7857142857142857
High Friction,2000,300,0.29,26100,51,44,12,7,0.8627450980392157,0.7857142857142857
High Friction,2000,300,0.291,26100,51,44,12,7,0.8627450980392157,0.7857142857142857
High Friction,2000,300,0.292,26100,51,44,12,7,0.8627450980392157,0.7857142857142857
High Friction,2000,300,0.293,26100,51,44,12,7,0.8627450980392157,0.7857142857142857
High Friction,2000,300,0.294,26100,51,44,12,7,0.8627450980392157,0.7857142857142857
High Friction,2000,300,0.295,26100,51,44,12,7,0.8627450980392157,0.7857142857142857
High Friction,2000,300,0.296,26100,51,44,12,7,0.8627450980392157,0.7857142857142857
High Friction,2000,300,0.297,26100,51,44,12,7,0.8627450980392157,0.7857142857142857
High Friction,2000,300,0.298,26100,51,44,12,7,0.8627450980392157,0.7857142857142857
High Friction,2000,300,0.299,26100,51,44,12,7,0.8627450980392157,0.7857142857142857
High Friction,2000,300,0.3,26100,51,44,12,7,0.8627450980392157,0.7857142857142857
High Friction,2000,300,0.301,26100,51,44,12,7,0.8627450980392157,0.7857142857142857
High Friction,2000,300,0.302,26100,51,44,12,7,0.8627450980392157,0.7857142857142857
High Friction,2000,300,0.303,26100,51,44,12,7,0.8627450980392157,0.7857142857142857
High Friction,2000,300,0.304,26100,51,44,12,7,0.8627450980392157,0.7857142857142857
High Friction,2000,300,0.305,26100,51,44,12,7,0.8627450980392157,0.7857142857142857
High Friction,2000,300,0.306,26100,51,44,12,7,0.8627450980392157,0.7857142857142857
High Friction,2000,300,0.307,26100,51,44,12,7,0.8627450980392157,0.7857142857142857
High Friction,2000,300,0.308,26100,51,44,12,7,0.8627450980392157,0.7857142857142857
High Friction,2000,300,0.309,26100,51,44,12,7,0.8627450980392157,0.7857142857142857
High Friction,2000,300,0.31,26100,51,44,12,7,0.8627450980392157,0.7857142857142857
High Friction,2000,300,0.311,26100,51,44,12,7,0.8627450980392157,0.7857142857142857
High Friction,2000,300,0.312,25800,50,44,12,6,0.88,0.7857142857142857
High Friction,2000,300,0.313,25800,50,44,12,6,0.88,0.7857142857142857
High Friction,2000,300,0.314,25800,50,44,12,6,0.88,0.7857142857142857
High Friction,2000,300,0.315,25800,50,44,12,6,0.88,0.7857142857142857
High Friction,2000,300,0.316,25800,50,44,12,6,0.88,0.7857142857142857
High Friction,2000,300,0.317,25800,50,44,12,6,0.88,0.7857142857142857
High Friction,2000,300,0.318,25800,50,44,12,6,0.88,0.7857142857142857
High Friction,2000,300,0.319,25800,50,44,12,6,0.88,0.7857142857142857
High Friction,2000,300,0.32,25800,50,44,12,6,0.88,0.7857142857142857
High Friction,2000,300,0.321,25800,50,44,12,6,0.88,0.7857142857142857
High Friction,2000,300,0.322,25800,50,44,12,6,0.88,0.7857142857142857
High Friction,2000,300,0.323,25800,50,44,12,6,0.88,0.7857142857142857
High Friction,2000,300,0.324,25800,50,44,12,6,0.88,0.7857142857142857
High Friction,2000,300,0.325,25800,50,44,12,6,0.88,0.7857142857142857
High Friction,2000,300,0.326,25800,50,44,12,6,0.88,0.7857142857142857
High Friction,2000,300,0.327,25800,50,44,12,6,0.88,0.7857142857142857
High Friction,2000,300,0.328,25800,50,44,12,6,0.88,0.7857142857142857
High Friction,2000,300,0.329,25800,50,44,12,6,0.88,0.7857142857142857
High Friction,2000,300,0.33,25800,50,44,12,6,0.88,0.7857142857142857
High Friction,2000,300,0.331,25800,50,44,12,6,0.88,0.7857142857142857
High Friction,2000,300,0.332,25800,50,44,12,6,0.88,0.7857142857142857
High Friction,2000,300,0.333,25800,50,44,12,6,0.88,0.7857142857142857
High Friction,2000,300,0.334,25800,50,44,12,6,0.88,0.7857142857142857
High Friction,2000,300,0.335,25800,50,44,12,6,0.88,0.7857142857142857
High Friction,2000,300,0.336,25500,49,44,12,5,0.8979591836734694,0.7857142857142857
High Friction,2000,300,0.337,25500,49,44,12,5,0.8979591836734694,0.7857142857142857
High Friction,2000,300,0.338,25500,49,44,12,5,0.8979591836734694,0.7857142857142857
High Friction,2000,300,0.339,25500,49,44,12,5,0.8979591836734694,0.7857142857142857
High Friction,2000,300,0.34,25500,49,44,12,5,0.8979591836734694,0.7857142857142857
High Friction,2000,300,0.341,25500,49,44,12,5,0.8979591836734694,0.7857142857142857
High Friction,2000,300,0.342,25500,49,44,12,5,0.8979591836734694,0.7857142857142857
High Friction,2000,300,0.343,25500,49,44,12,5,0.8979591836734694,0.7857142857142857
High Friction,2000,300,0.34400000000000003,25500,49,44,12,5,0.8979591836734694,0.7857142857142857
High Friction,2000,300,0.34500000000000003,25500,49,44,12,5,0.8979591836734694,0.7857142857142857
High Friction,2000,300,0.34600000000000003,25500,49,44,12,5,0.8979591836734694,0.7857142857142857
High Friction,2000,300,0.34700000000000003,25500,49,44,12,5,0.8979591836734694,0.7857142857142857
High Friction,2000,300,0.34800000000000003,25500,49,44,12,5,0.8979591836734694,0.7857142857142857
High Friction,2000,300,0.34900000000000003,25500,49,44,12,5,0.8979591836734694,0.7857142857142857
High Friction,2000,300,0.35000000000000003,25500,49,44,12,5,0.8979591836734694,0.7857142857142857
High Friction,2000,300,0.35100000000000003,25500,49,44,12,5,0.8979591836734694,0.7857142857142857
High Friction,2000,300,0.352,25500,49,44,12,5,0.8979591836734694,0.7857142857142857
High Friction,2000,300,0.353,25500,49,44,12,5,0.8979591836734694,0.7857142857142857
High Friction,2000,300,0.354,25500,49,44,12,5,0.8979591836734694,0.7857142857142857
High Friction,2000,300,0.355,25500,49,44,12,5,0.8979591836734694,0.7857142857142857
High Friction,2000,300,0.356,25500,49,44,12,5,0.8979591836734694,0.7857142857142857
High Friction,2000,300,0.357,25500,49,44,12,5,0.8979591836734694,0.7857142857142857
High Friction,2000,300,0.358,25500,49,44,12,5,0.8979591836734694,0.7857142857142857
High Friction,2000,300,0.359,25500,49,44,12,5,0.8979591836734694,0.7857142857142857
High Friction,2000,300,0.36,25500,49,44,12,5,0.8979591836734694,0.7857142857142857
High Friction,2000,300,0.361,25500,49,44,12,5,0.8979591836734694,0.7857142857142857
High Friction,2000,300,0.362,25500,49,44,12,5,0.8979591836734694,0.7857142857142857
High Friction,2000,300,0.363,25500,49,44,12,5,0.8979591836734694,0.7857142857142857
High Friction,2000,300,0.364,25500,49,44,12,5,0.8979591836734694,0.7857142857142857
High Friction,2000,300,0.365,25500,49,44,12,5,0.8979591836734694,0.7857142857142857
High Friction,2000,300,0.366,25500,49,44,12,5,0.8979591836734694,0.7857142857142857
High Friction,2000,300,0.367,25500,49,44,12,5,0.8979591836734694,0.7857142857142857
High Friction,2000,300,0.368,25500,49,44,12,5,0.8979591836734694,0.7857142857142857
High Friction,2000,300,0.369,25500,49,44,12,5,0.8979591836734694,0.7857142857142857
High Friction,2000,300,0.37,25500,49,44,12,5,0.8979591836734694,0.7857142857142857
High Friction,2000,300,0.371,25500,49,44,12,5,0.8979591836734694,0.7857142857142857
High Friction,2000,300,0.372,25500,49,44,12,5,0.8979591836734694,0.7857142857142857
High Friction,2000,300,0.373,25500,49,44,12,5,0.8979591836734694,0.7857142857142857
High Friction,2000,300,0.374,25500,49,44,12,5,0.8979591836734694,0.7857142857142857
High Friction,2000,300,0.375,25500,49,44,12,5,0.8979591836734694,0.7857142857142857
High Friction,2000,300,0.376,25500,49,44,12,5,0.8979591836734694,0.7857142857142857
High Friction,2000,300,0.377,25500,49,44,12,5,0.8979591836734694,0.7857142857142857
High Friction,2000,300,0.378,25500,49,44,12,5,0.8979591836734694,0.7857142857142857
High Friction,2000,300,0.379,25500,49,44,12,5,0.8979591836734694,0.7857142857142857
High Friction,2000,300,0.38,25500,49,44,12,5,0.8979591836734694,0.7857142857142857
High Friction,2000,300,0.381,25500,49,44,12,5,0.8979591836734694,0.7857142857142857
High Friction,2000,300,0.382,25500,49,44,12,5,0.8979591836734694,0.7857142857142857
High Friction,2000,300,0.383,25500,49,44,12,5,0.8979591836734694,0.7857142857142857
High Friction,2000,300,0.384,25500,49,44,12,5,0.8979591836734694,0.7857142857142857
High Friction,2000,300,0.385,25500,49,44,12,5,0.8979591836734694,0.7857142857142857
High Friction,2000,300,0.386,25500,49,44,12,5,0.8979591836734694,0.7857142857142857
High Friction,2000,300,0.387,25500,49,44,12,5,0.8979591836734694,0.7857142857142857
High Friction,2000,300,0.388,25500,49,44,12,5,0.8979591836734694,0.7857142857142857
High Friction,2000,300,0.389,25500,49,44,12,5,0.8979591836734694,0.7857142857142857
High Friction,2000,300,0.39,25500,49,44,12,5,0.8979591836734694,0.7857142857142857
High Friction,2000,300,0.391,25500,49,44,12,5,0.8979591836734694,0.7857142857142857
High Friction,2000,300,0.392,25500,49,44,12,5,0.8979591836734694,0.7857142857142857
High Friction,2000,300,0.393,25500,49,44,12,5,0.8979591836734694,0.7857142857142857
High Friction,2000,300,0.394,25500,49,44,12,5,0.8979591836734694,0.7857142857142857
High Friction,2000,300,0.395,25500,49,44,12,5,0.8979591836734694,0.7857142857142857
High Friction,2000,300,0.396,25500,49,44,12,5,0.8979591836734694,0.7857142857142857
High Friction,2000,300,0.397,25500,49,44,12,5,0.8979591836734694,0.7857142857142857
High Friction,2000,300,0.398,25500,49,44,12,5,0.8979591836734694,0.7857142857142857
High Friction,2000,300,0.399,25500,49,44,12,5,0.8979591836734694,0.7857142857142857
High Friction,2000,300,0.4,25500,49,44,12,5,0.8979591836734694,0.7857142857142857
High Friction,2000,300,0.401,25500,49,44,12,5,0.8979591836734694,0.7857142857142857
High Friction,2000,300,0.402,25500,49,44,12,5,0.8979591836734694,0.7857142857142857
High Friction,2000,300,0.403,25500,49,44,12,5,0.8979591836734694,0.7857142857142857
High Friction,2000,300,0.404,25500,49,44,12,5,0.8979591836734694,0.7857142857142857
High Friction,2000,300,0.405,25500,49,44,12,5,0.8979591836734694,0.7857142857142857
High Friction,2000,300,0.406,25500,49,44,12,5,0.8979591836734694,0.7857142857142857
High Friction,2000,300,0.40700000000000003,25500,49,44,12,5,0.8979591836734694,0.7857142857142857
High Friction,2000,300,0.40800000000000003,25500,49,44,12,5,0.8979591836734694,0.7857142857142857
High Friction,2000,300,0.40900000000000003,25500,49,44,12,5,0.8979591836734694,0.7857142857142857
High Friction,2000,300,0.41000000000000003,25500,49,44,12,5,0.8979591836734694,0.7857142857142857
High Friction,2000,300,0.41100000000000003,25500,49,44,12,5,0.8979591836734694,0.7857142857142857
High Friction,2000,300,0.41200000000000003,25500,49,44,12,5,0.8979591836734694,0.7857142857142857
High Friction,2000,300,0.41300000000000003,25500,49,44,12,5,0.8979591836734694,0.7857142857142857
High Friction,2000,300,0.41400000000000003,25500,49,44,12,5,0.8979591836734694,0.7857142857142857
High Friction,2000,300,0.41500000000000004,25500,49,44,12,5,0.8979591836734694,0.7857142857142857
High Friction,2000,300,0.41600000000000004,25500,49,44,12,5,0.8979591836734694,0.7857142857142857
High Friction,2000,300,0.417,25500,49,44,12,5,0.8979591836734694,0.7857142857142857
High Friction,2000,300,0.418,25500,49,44,12,5,0.8979591836734694,0.7857142857142857
High Friction,2000,300,0.419,25500,49,44,12,5,0.8979591836734694,0.7857142857142857
High Friction,2000,300,0.42,25500,49,44,12,5,0.8979591836734694,0.7857142857142857
High Friction,2000,300,0.421,25500,49,44,12,5,0.8979591836734694,0.7857142857142857
High Friction,2000,300,0.422,25500,49,44,12,5,0.8979591836734694,0.7857142857142857
High Friction,2000,300,0.423,25500,49,44,12,5,0.8979591836734694,0.7857142857142857
High Friction,2000,300,0.424,25500,49,44,12,5,0.8979591836734694,0.7857142857142857
High Friction,2000,300,0.425,25500,49,44,12,5,0.8979591836734694,0.7857142857142857
High Friction,2000,300,0.426,25500,49,44,12,5,0.8979591836734694,0.7857142857142857
High Friction,2000,300,0.427,25500,49,44,12,5,0.8979591836734694,0.7857142857142857
High Friction,2000,300,0.428,25500,49,44,12,5,0.8979591836734694,0.7857142857142857
High Friction,2000,300,0.429,25500,49,44,12,5,0.8979591836734694,0.7857142857142857
High Friction,2000,300,0.43,25500,49,44,12,5,0.8979591836734694,0.7857142857142857
High Friction,2000,300,0.431,25500,49,44,12,5,0.8979591836734694,0.7857142857142857
High Friction,2000,300,0.432,25500,49,44,12,5,0.8979591836734694,0.7857142857142857
High Friction,2000,300,0.433,25500,49,44,12,5,0.8979591836734694,0.7857142857142857
High Friction,2000,300,0.434,25500,49,44,12,5,0.8979591836734694,0.7857142857142857
High Friction,2000,300,0.435,25500,49,44,12,5,0.8979591836734694,0.7857142857142857
High Friction,2000,300,0.436,25500,49,44,12,5,0.8979591836734694,0.7857142857142857
High Friction,2000,300,0.437,25500,49,44,12,5,0.8979591836734694,0.7857142857142857
High Friction,2000,300,0.438,25500,49,44,12,5,0.8979591836734694,0.7857142857142857
High Friction,2000,300,0.439,25200,48,44,12,4,0.9166666666666666,0.7857142857142857
High Friction,2000,300,0.44,25200,48,44,12,4,0.9166666666666666,0.7857142857142857
High Friction,2000,300,0.441,25200,48,44,12,4,0.9166666666666666,0.7857142857142857
High Friction,2000,300,0.442,25200,48,44,12,4,0.9166666666666666,0.7857142857142857
High Friction,2000,300,0.443,25200,48,44,12,4,0.9166666666666666,0.7857142857142857
High Friction,2000,300,0.444,27200,47,43,13,4,0.9148936170212766,0.7678571428571429
High Friction,2000,300,0.445,27200,47,43,13,4,0.9148936170212766,0.7678571428571429
High Friction,2000,300,0.446,27200,47,43,13,4,0.9148936170212766,0.7678571428571429
High Friction,2000,300,0.447,27200,47,43,13,4,0.9148936170212766,0.7678571428571429
High Friction,2000,300,0.448,27200,47,43,13,4,0.9148936170212766,0.7678571428571429
High Friction,2000,300,0.449,27200,47,43,13,4,0.9148936170212766,0.7678571428571429
High Friction,2000,300,0.45,27200,47,43,13,4,0.9148936170212766,0.7678571428571429
High Friction,2000,300,0.451,27200,47,43,13,4,0.9148936170212766,0.7678571428571429
High Friction,2000,300,0.452,27200,47,43,13,4,0.9148936170212766,0.7678571428571429
High Friction,2000,300,0.453,27200,47,43,13,4,0.9148936170212766,0.7678571428571429
High Friction,2000,300,0.454,27200,47,43,13,4,0.9148936170212766,0.7678571428571429
High Friction,2000,300,0.455,27200,47,43,13,4,0.9148936170212766,0.7678571428571429
High Friction,2000,300,0.456,27200,47,43,13,4,0.9148936170212766,0.7678571428571429
High Friction,2000,300,0.457,27200,47,43,13,4,0.9148936170212766,0.7678571428571429
High Friction,2000,300,0.458,27200,47,43,13,4,0.9148936170212766,0.7678571428571429
High Friction,2000,300,0.459,27200,47,43,13,4,0.9148936170212766,0.7678571428571429
High Friction,2000,300,0.46,27200,47,43,13,4,0.9148936170212766,0.7678571428571429
High Friction,2000,300,0.461,27200,47,43,13,4,0.9148936170212766,0.7678571428571429
High Friction,2000,300,0.462,27200,47,43,13,4,0.9148936170212766,0.7678571428571429
High Friction,2000,300,0.463,27200,47,43,13,4,0.9148936170212766,0.7678571428571429
High Friction,2000,300,0.464,27200,47,43,13,4,0.9148936170212766,0.7678571428571429
High Friction,2000,300,0.465,27200,47,43,13,4,0.9148936170212766,0.7678571428571429
High Friction,2000,300,0.466,27200,47,43,13,4,0.9148936170212766,0.7678571428571429
High Friction,2000,300,0.467,27200,47,43,13,4,0.9148936170212766,0.7678571428571429
High Friction,2000,300,0.468,27200,47,43,13,4,0.9148936170212766,0.7678571428571429
High Friction,2000,300,0.46900000000000003,27200,47,43,13,4,0.9148936170212766,0.7678571428571429
High Friction,2000,300,0.47000000000000003,27200,47,43,13,4,0.9148936170212766,0.7678571428571429
High Friction,2000,300,0.47100000000000003,27200,47,43,13,4,0.9148936170212766,0.7678571428571429
High Friction,2000,300,0.47200000000000003,27200,47,43,13,4,0.9148936170212766,0.7678571428571429
High Friction,2000,300,0.47300000000000003,27200,47,43,13,4,0.9148936170212766,0.7678571428571429
High Friction,2000,300,0.47400000000000003,27200,47,43,13,4,0.9148936170212766,0.7678571428571429
High Friction,2000,300,0.47500000000000003,27200,47,43,13,4,0.9148936170212766,0.7678571428571429
High Friction,2000,300,0.47600000000000003,27200,47,43,13,4,0.9148936170212766,0.7678571428571429
High Friction,2000,300,0.47700000000000004,27200,47,43,13,4,0.9148936170212766,0.7678571428571429
High Friction,2000,300,0.47800000000000004,27200,47,43,13,4,0.9148936170212766,0.7678571428571429
High Friction,2000,300,0.47900000000000004,27200,47,43,13,4,0.9148936170212766,0.7678571428571429
High Friction,2000,300,0.48,27200,47,43,13,4,0.9148936170212766,0.7678571428571429
High Friction,2000,300,0.481,27200,47,43,13,4,0.9148936170212766,0.7678571428571429
High Friction,2000,300,0.482,27200,47,43,13,4,0.9148936170212766,0.7678571428571429
High Friction,2000,300,0.483,27200,47,43,13,4,0.9148936170212766,0.7678571428571429
High Friction,2000,300,0.484,27200,47,43,13,4,0.9148936170212766,0.7678571428571429
High Friction,2000,300,0.485,27200,47,43,13,4,0.9148936170212766,0.7678571428571429
High Friction,2000,300,0.486,27200,47,43,13,4,0.9148936170212766,0.7678571428571429
High Friction,2000,300,0.487,27200,47,43,13,4,0.9148936170212766,0.7678571428571429
High Friction,2000,300,0.488,27200,47,43,13,4,0.9148936170212766,0.7678571428571429
High Friction,2000,300,0.489,27200,47,43,13,4,0.9148936170212766,0.7678571428571429
High Friction,2000,300,0.49,27200,47,43,13,4,0.9148936170212766,0.7678571428571429
High Friction,2000,300,0.491,27200,47,43,13,4,0.9148936170212766,0.7678571428571429
High Friction,2000,300,0.492,27200,47,43,13,4,0.9148936170212766,0.7678571428571429
High Friction,2000,300,0.493,27200,47,43,13,4,0.9148936170212766,0.7678571428571429
High Friction,2000,300,0.494,27200,47,43,13,4,0.9148936170212766,0.7678571428571429
High Friction,2000,300,0.495,27200,47,43,13,4,0.9148936170212766,0.7678571428571429
High Friction,2000,300,0.496,27200,47,43,13,4,0.9148936170212766,0.7678571428571429
High Friction,2000,300,0.497,27200,47,43,13,4,0.9148936170212766,0.7678571428571429
High Friction,2000,300,0.498,27200,47,43,13,4,0.9148936170212766,0.7678571428571429
High Friction,2000,300,0.499,27200,47,43,13,4,0.9148936170212766,0.7678571428571429
High Friction,2000,300,0.5,27200,47,43,13,4,0.9148936170212766,0.7678571428571429
High Friction,2000,300,0.501,27200,47,43,13,4,0.9148936170212766,0.7678571428571429
High Friction,2000,300,0.502,27200,47,43,13,4,0.9148936170212766,0.7678571428571429
High Friction,2000,300,0.503,27200,47,43,13,4,0.9148936170212766,0.7678571428571429
High Friction,2000,300,0.504,27200,47,43,13,4,0.9148936170212766,0.7678571428571429
High Friction,2000,300,0.505,27200,47,43,13,4,0.9148936170212766,0.7678571428571429
High Friction,2000,300,0.506,27200,47,43,13,4,0.9148936170212766,0.7678571428571429
High Friction,2000,300,0.507,27200,47,43,13,4,0.9148936170212766,0.7678571428571429
High Friction,2000,300,0.508,27200,47,43,13,4,0.9148936170212766,0.7678571428571429
High Friction,2000,300,0.509,27200,47,43,13,4,0.9148936170212766,0.7678571428571429
High Friction,2000,300,0.51,27200,47,43,13,4,0.9148936170212766,0.7678571428571429
High Friction,2000,300,0.511,27200,47,43,13,4,0.9148936170212766,0.7678571428571429
High Friction,2000,300,0.512,27200,47,43,13,4,0.9148936170212766,0.7678571428571429
High Friction,2000,300,0.513,27200,47,43,13,4,0.9148936170212766,0.7678571428571429
High Friction,2000,300,0.514,27200,47,43,13,4,0.9148936170212766,0.7678571428571429
High Friction,2000,300,0.515,27200,47,43,13,4,0.9148936170212766,0.7678571428571429
High Friction,2000,300,0.516,27200,47,43,13,4,0.9148936170212766,0.7678571428571429
High Friction,2000,300,0.517,26900,46,43,13,3,0.9347826086956522,0.7678571428571429
High Friction,2000,300,0.518,26900,46,43,13,3,0.9347826086956522,0.7678571428571429
High Friction,2000,300,0.519,26900,46,43,13,3,0.9347826086956522,0.7678571428571429
High Friction,2000,300,0.52,26900,46,43,13,3,0.9347826086956522,0.7678571428571429
High Friction,2000,300,0.521,26900,46,43,13,3,0.9347826086956522,0.7678571428571429
High Friction,2000,300,0.522,26900,46,43,13,3,0.9347826086956522,0.7678571428571429
High Friction,2000,300,0.523,26900,46,43,13,3,0.9347826086956522,0.7678571428571429
High Friction,2000,300,0.524,26900,46,43,13,3,0.9347826086956522,0.7678571428571429
High Friction,2000,300,0.525,26900,46,43,13,3,0.9347826086956522,0.7678571428571429
High Friction,2000,300,0.526,26900,46,43,13,3,0.9347826086956522,0.7678571428571429
High Friction,2000,300,0.527,26900,46,43,13,3,0.9347826086956522,0.7678571428571429
High Friction,2000,300,0.528,26900,46,43,13,3,0.9347826086956522,0.7678571428571429
High Friction,2000,300,0.529,26900,46,43,13,3,0.9347826086956522,0.7678571428571429
High Friction,2000,300,0.53,26900,46,43,13,3,0.9347826086956522,0.7678571428571429
High Friction,2000,300,0.531,26900,46,43,13,3,0.9347826086956522,0.7678571428571429
High Friction,2000,300,0.532,26900,46,43,13,3,0.9347826086956522,0.7678571428571429
High Friction,2000,300,0.533,26900,46,43,13,3,0.9347826086956522,0.7678571428571429
High Friction,2000,300,0.534,26900,46,43,13,3,0.9347826086956522,0.7678571428571429
High Friction,2000,300,0.535,26900,46,43,13,3,0.9347826086956522,0.7678571428571429
High Friction,2000,300,0.536,26900,46,43,13,3,0.9347826086956522,0.7678571428571429
High Friction,2000,300,0.537,26900,46,43,13,3,0.9347826086956522,0.7678571428571429
High Friction,2000,300,0.538,26900,46,43,13,3,0.9347826086956522,0.7678571428571429
High Friction,2000,300,0.539,26900,46,43,13,3,0.9347826086956522,0.7678571428571429
High Friction,2000,300,0.54,26900,46,43,13,3,0.9347826086956522,0.7678571428571429
High Friction,2000,300,0.541,26900,46,43,13,3,0.9347826086956522,0.7678571428571429
High Friction,2000,300,0.542,26900,46,43,13,3,0.9347826086956522,0.7678571428571429
High Friction,2000,300,0.543,26900,46,43,13,3,0.9347826086956522,0.7678571428571429
High Friction,2000,300,0.544,26900,46,43,13,3,0.9347826086956522,0.7678571428571429
High Friction,2000,300,0.545,26900,46,43,13,3,0.9347826086956522,0.7678571428571429
High Friction,2000,300,0.546,26900,46,43,13,3,0.9347826086956522,0.7678571428571429
High Friction,2000,300,0.547,26900,46,43,13,3,0.9347826086956522,0.7678571428571429
High Friction,2000,300,0.548,26900,46,43,13,3,0.9347826086956522,0.7678571428571429
High Friction,2000,300,0.549,26900,46,43,13,3,0.9347826086956522,0.7678571428571429
High Friction,2000,300,0.55,26900,46,43,13,3,0.9347826086956522,0.7678571428571429
High Friction,2000,300,0.551,26900,46,43,13,3,0.9347826086956522,0.7678571428571429
High Friction,2000,300,0.552,26900,46,43,13,3,0.9347826086956522,0.7678571428571429
High Friction,2000,300,0.553,26900,46,43,13,3,0.9347826086956522,0.7678571428571429
High Friction,2000,300,0.554,26900,46,43,13,3,0.9347826086956522,0.7678571428571429
High Friction,2000,300,0.555,26900,46,43,13,3,0.9347826086956522,0.7678571428571429
High Friction,2000,300,0.556,26600,45,43,13,2,0.9555555555555556,0.7678571428571429
High Friction,2000,300,0.557,26600,45,43,13,2,0.9555555555555556,0.7678571428571429
High Friction,2000,300,0.558,26600,45,43,13,2,0.9555555555555556,0.7678571428571429
High Friction,2000,300,0.559,26300,44,43,13,1,0.9772727272727273,0.7678571428571429
High Friction,2000,300,0.56,26300,44,43,13,1,0.9772727272727273,0.7678571428571429
High Friction,2000,300,0.561,26300,44,43,13,1,0.9772727272727273,0.7678571428571429
High Friction,2000,300,0.562,26300,44,43,13,1,0.9772727272727273,0.7678571428571429
High Friction,2000,300,0.5630000000000001,26300,44,43,13,1,0.9772727272727273,0.7678571428571429
High Friction,2000,300,0.5640000000000001,26300,44,43,13,1,0.9772727272727273,0.7678571428571429
High Friction,2000,300,0.5650000000000001,26300,44,43,13,1,0.9772727272727273,0.7678571428571429
High Friction,2000,300,0.5660000000000001,28300,43,42,14,1,0.9767441860465116,0.75
High Friction,2000,300,0.5670000000000001,28300,43,42,14,1,0.9767441860465116,0.75
High Friction,2000,300,0.5680000000000001,28300,43,42,14,1,0.9767441860465116,0.75
High Friction,2000,300,0.5690000000000001,28300,43,42,14,1,0.9767441860465116,0.75
High Friction,2000,300,0.5700000000000001,28300,43,42,14,1,0.9767441860465116,0.75
High Friction,2000,300,0.5710000000000001,28300,43,42,14,1,0.9767441860465116,0.75
High Friction,2000,300,0.5720000000000001,28300,43,42,14,1,0.9767441860465116,0.75
High Friction,2000,300,0.5730000000000001,28300,43,42,14,1,0.9767441860465116,0.75
High Friction,2000,300,0.5740000000000001,28300,43,42,14,1,0.9767441860465116,0.75
High Friction,2000,300,0.5750000000000001,28300,43,42,14,1,0.9767441860465116,0.75
High Friction,2000,300,0.5760000000000001,28300,43,42,14,1,0.9767441860465116,0.75
High Friction,2000,300,0.577,28300,43,42,14,1,0.9767441860465116,0.75
High Friction,2000,300,0.578,28300,43,42,14,1,0.9767441860465116,0.75
High Friction,2000,300,0.579,28300,43,42,14,1,0.9767441860465116,0.75
High Friction,2000,300,0.58,28300,43,42,14,1,0.9767441860465116,0.75
High Friction,2000,300,0.581,28300,43,42,14,1,0.9767441860465116,0.75
High Friction,2000,300,0.582,28300,43,42,14,1,0.9767441860465116,0.75
High Friction,2000,300,0.583,28300,43,42,14,1,0.9767441860465116,0.75
High Friction,2000,300,0.584,28300,43,42,14,1,0.9767441860465116,0.75
High Friction,2000,300,0.585,28300,43,42,14,1,0.9767441860465116,0.75
High Friction,2000,300,0.586,28300,43,42,14,1,0.9767441860465116,0.75
High Friction,2000,300,0.587,28300,43,42,14,1,0.9767441860465116,0.75
High Friction,2000,300,0.588,28300,43,42,14,1,0.9767441860465116,0.75
High Friction,2000,300,0.589,28300,43,42,14,1,0.9767441860465116,0.75
High Friction,2000,300,0.59,28300,43,42,14,1,0.9767441860465116,0.75
High Friction,2000,300,0.591,28300,43,42,14,1,0.9767441860465116,0.75
High Friction,2000,300,0.592,28300,43,42,14,1,0.9767441860465116,0.75
High Friction,2000,300,0.593,28300,43,42,14,1,0.9767441860465116,0.75
High Friction,2000,300,0.594,28300,43,42,14,1,0.9767441860465116,0.75
High Friction,2000,300,0.595,28300,43,42,14,1,0.9767441860465116,0.75
High Friction,2000,300,0.596,28300,43,42,14,1,0.9767441860465116,0.75
High Friction,2000,300,0.597,28300,43,42,14,1,0.9767441860465116,0.75
High Friction,2000,300,0.598,28300,43,42,14,1,0.9767441860465116,0.75
High Friction,2000,300,0.599,28300,43,42,14,1,0.9767441860465116,0.75
High Friction,2000,300,0.6,28300,43,42,14,1,0.9767441860465116,0.75
High Friction,2000,300,0.601,28300,43,42,14,1,0.9767441860465116,0.75
High Friction,2000,300,0.602,28300,43,42,14,1,0.9767441860465116,0.75
High Friction,2000,300,0.603,28300,43,42,14,1,0.9767441860465116,0.75
High Friction,2000,300,0.604,28300,43,42,14,1,0.9767441860465116,0.75
High Friction,2000,300,0.605,28300,43,42,14,1,0.9767441860465116,0.75
High Friction,2000,300,0.606,28300,43,42,14,1,0.9767441860465116,0.75
High Friction,2000,300,0.607,28300,43,42,14,1,0.9767441860465116,0.75
High Friction,2000,300,0.608,28300,43,42,14,1,0.9767441860465116,0.75
High Friction,2000,300,0.609,28300,43,42,14,1,0.9767441860465116,0.75
High Friction,2000,300,0.61,28300,43,42,14,1,0.9767441860465116,0.75
High Friction,2000,300,0.611,28300,43,42,14,1,0.9767441860465116,0.75
High Friction,2000,300,0.612,28300,43,42,14,1,0.9767441860465116,0.75
High Friction,2000,300,0.613,28300,43,42,14,1,0.9767441860465116,0.75
High Friction,2000,300,0.614,28300,43,42,14,1,0.9767441860465116,0.75
High Friction,2000,300,0.615,28300,43,42,14,1,0.9767441860465116,0.75
High Friction,2000,300,0.616,28300,43,42,14,1,0.9767441860465116,0.75
High Friction,2000,300,0.617,28300,43,42,14,1,0.9767441860465116,0.75
High Friction,2000,300,0.618,28300,43,42,14,1,0.9767441860465116,0.75
High Friction,2000,300,0.619,28300,43,42,14,1,0.9767441860465116,0.75
High Friction,2000,300,0.62,28300,43,42,14,1,0.9767441860465116,0.75
High Friction,2000,300,0.621,28300,43,42,14,1,0.9767441860465116,0.75
High Friction,2000,300,0.622,28300,43,42,14,1,0.9767441860465116,0.75
High Friction,2000,300,0.623,28300,43,42,14,1,0.9767441860465116,0.75
High Friction,2000,300,0.624,28300,43,42,14,1,0.9767441860465116,0.75
High Friction,2000,300,0.625,28300,43,42,14,1,0.9767441860465116,0.75
High Friction,2000,300,0.626,28300,43,42,14,1,0.9767441860465116,0.75
High Friction,2000,300,0.627,28300,43,42,14,1,0.9767441860465116,0.75
High Friction,2000,300,0.628,28300,43,42,14,1,0.9767441860465116,0.75
High Friction,2000,300,0.629,28300,43,42,14,1,0.9767441860465116,0.75
High Friction,2000,300,0.63,28300,43,42,14,1,0.9767441860465116,0.75
High Friction,2000,300,0.631,28300,43,42,14,1,0.9767441860465116,0.75
High Friction,2000,300,0.632,28300,43,42,14,1,0.9767441860465116,0.75
High Friction,2000,300,0.633,28300,43,42,14,1,0.9767441860465116,0.75
High Friction,2000,300,0.634,28300,43,42,14,1,0.9767441860465116,0.75
High Friction,2000,300,0.635,28300,43,42,14,1,0.9767441860465116,0.75
High Friction,2000,300,0.636,28300,43,42,14,1,0.9767441860465116,0.75
High Friction,2000,300,0.637,28300,43,42,14,1,0.9767441860465116,0.75
High Friction,2000,300,0.638,28300,43,42,14,1,0.9767441860465116,0.75
High Friction,2000,300,0.639,28300,43,42,14,1,0.9767441860465116,0.75
High Friction,2000,300,0.64,28300,43,42,14,1,0.9767441860465116,0.75
High Friction,2000,300,0.641,28300,43,42,14,1,0.9767441860465116,0.75
High Friction,2000,300,0.642,28300,43,42,14,1,0.9767441860465116,0.75
High Friction,2000,300,0.643,28300,43,42,14,1,0.9767441860465116,0.75
High Friction,2000,300,0.644,28300,43,42,14,1,0.9767441860465116,0.75
High Friction,2000,300,0.645,28300,43,42,14,1,0.9767441860465116,0.75
High Friction,2000,300,0.646,28300,43,42,14,1,0.9767441860465116,0.75
High Friction,2000,300,0.647,28300,43,42,14,1,0.9767441860465116,0.75
High Friction,2000,300,0.648,28300,43,42,14,1,0.9767441860465116,0.75
High Friction,2000,300,0.649,28300,43,42,14,1,0.9767441860465116,0.75
High Friction,2000,300,0.65,28300,43,42,14,1,0.9767441860465116,0.75
High Friction,2000,300,0.651,28300,43,42,14,1,0.9767441860465116,0.75
High Friction,2000,300,0.652,28300,43,42,14,1,0.9767441860465116,0.75
High Friction,2000,300,0.653,28300,43,42,14,1,0.9767441860465116,0.75
High Friction,2000,300,0.654,28300,43,42,14,1,0.9767441860465116,0.75
High Friction,2000,300,0.655,28300,43,42,14,1,0.9767441860465116,0.75
High Friction,2000,300,0.656,28300,43,42,14,1,0.9767441860465116,0.75
High Friction,2000,300,0.657,28300,43,42,14,1,0.9767441860465116,0.75
High Friction,2000,300,0.658,28300,43,42,14,1,0.9767441860465116,0.75
High Friction,2000,300,0.659,28300,43,42,14,1,0.9767441860465116,0.75
High Friction,2000,300,0.66,28300,43,42,14,1,0.9767441860465116,0.75
High Friction,2000,300,0.661,28300,43,42,14,1,0.9767441860465116,0.75
High Friction,2000,300,0.662,28300,43,42,14,1,0.9767441860465116,0.75
High Friction,2000,300,0.663,28300,43,42,14,1,0.9767441860465116,0.75
High Friction,2000,300,0.664,28300,43,42,14,1,0.9767441860465116,0.75
High Friction,2000,300,0.665,28300,43,42,14,1,0.9767441860465116,0.75
High Friction,2000,300,0.666,28300,43,42,14,1,0.9767441860465116,0.75
High Friction,2000,300,0.667,28300,43,42,14,1,0.9767441860465116,0.75
High Friction,2000,300,0.668,28300,43,42,14,1,0.9767441860465116,0.75
High Friction,2000,300,0.669,28300,43,42,14,1,0.9767441860465116,0.75
High Friction,2000,300,0.67,28300,43,42,14,1,0.9767441860465116,0.75
High Friction,2000,300,0.671,28300,43,42,14,1,0.9767441860465116,0.75
High Friction,2000,300,0.672,28300,43,42,14,1,0.9767441860465116,0.75
High Friction,2000,300,0.673,28300,43,42,14,1,0.9767441860465116,0.75
High Friction,2000,300,0.674,28300,43,42,14,1,0.9767441860465116,0.75
High Friction,2000,300,0.675,28300,43,42,14,1,0.9767441860465116,0.75
High Friction,2000,300,0.676,28300,43,42,14,1,0.9767441860465116,0.75
High Friction,2000,300,0.677,28300,43,42,14,1,0.9767441860465116,0.75
High Friction,2000,300,0.678,28300,43,42,14,1,0.9767441860465116,0.75
High Friction,2000,300,0.679,28300,43,42,14,1,0.9767441860465116,0.75
High Friction,2000,300,0.68,28300,43,42,14,1,0.9767441860465116,0.75
High Friction,2000,300,0.681,28300,43,42,14,1,0.9767441860465116,0.75
High Friction,2000,300,0.682,28300,43,42,14,1,0.9767441860465116,0.75
High Friction,2000,300,0.683,28300,43,42,14,1,0.9767441860465116,0.75
High Friction,2000,300,0.684,28300,43,42,14,1,0.9767441860465116,0.75
High Friction,2000,300,0.685,28300,43,42,14,1,0.9767441860465116,0.75
High Friction,2000,300,0.686,28300,43,42,14,1,0.9767441860465116,0.75
High Friction,2000,300,0.687,28300,43,42,14,1,0.9767441860465116,0.75
High Friction,2000,300,0.6880000000000001,28300,43,42,14,1,0.9767441860465116,0.75
High Friction,2000,300,0.6890000000000001,28300,43,42,14,1,0.9767441860465116,0.75
High Friction,2000,300,0.6900000000000001,28300,43,42,14,1,0.9767441860465116,0.75
High Friction,2000,300,0.6910000000000001,28300,43,42,14,1,0.9767441860465116,0.75
High Friction,2000,300,0.6920000000000001,28300,43,42,14,1,0.9767441860465116,0.75
High Friction,2000,300,0.6930000000000001,28300,43,42,14,1,0.9767441860465116,0.75
High Friction,2000,300,0.6940000000000001,28300,43,42,14,1,0.9767441860465116,0.75
High Friction,2000,300,0.6950000000000001,28300,43,42,14,1,0.9767441860465116,0.75
High Friction,2000,300,0.6960000000000001,28300,43,42,14,1,0.9767441860465116,0.75
High Friction,2000,300,0.6970000000000001,28300,43,42,14,1,0.9767441860465116,0.75
High Friction,2000,300,0.6980000000000001,28300,43,42,14,1,0.9767441860465116,0.75
High Friction,2000,300,0.6990000000000001,28300,43,42,14,1,0.9767441860465116,0.75
High Friction,2000,300,0.7000000000000001,28300,43,42,14,1,0.9767441860465116,0.75
High Friction,2000,300,0.7010000000000001,28300,43,42,14,1,0.9767441860465116,0.75
High Friction,2000,300,0.7020000000000001,28300,43,42,14,1,0.9767441860465116,0.75
High Friction,2000,300,0.7030000000000001,28300,43,42,14,1,0.9767441860465116,0.75
High Friction,2000,300,0.704,28300,43,42,14,1,0.9767441860465116,0.75
High Friction,2000,300,0.705,28300,43,42,14,1,0.9767441860465116,0.75
High Friction,2000,300,0.706,28300,43,42,14,1,0.9767441860465116,0.75
High Friction,2000,300,0.707,28300,43,42,14,1,0.9767441860465116,0.75
High Friction,2000,300,0.708,28300,43,42,14,1,0.9767441860465116,0.75
High Friction,2000,300,0.709,28300,43,42,14,1,0.9767441860465116,0.75
High Friction,2000,300,0.71,28300,43,42,14,1,0.9767441860465116,0.75
High Friction,2000,300,0.711,28300,43,42,14,1,0.9767441860465116,0.75
High Friction,2000,300,0.712,28300,43,42,14,1,0.9767441860465116,0.75
High Friction,2000,300,0.713,28300,43,42,14,1,0.9767441860465116,0.75
High Friction,2000,300,0.714,28300,43,42,14,1,0.9767441860465116,0.75
High Friction,2000,300,0.715,28300,43,42,14,1,0.9767441860465116,0.75
High Friction,2000,300,0.716,28300,43,42,14,1,0.9767441860465116,0.75
High Friction,2000,300,0.717,28300,43,42,14,1,0.9767441860465116,0.75
High Friction,2000,300,0.718,28300,43,42,14,1,0.9767441860465116,0.75
High Friction,2000,300,0.719,28300,43,42,14,1,0.9767441860465116,0.75
High Friction,2000,300,0.72,28300,43,42,14,1,0.9767441860465116,0.75
High Friction,2000,300,0.721,28300,43,42,14,1,0.9767441860465116,0.75
High Friction,2000,300,0.722,28300,43,42,14,1,0.9767441860465116,0.75
High Friction,2000,300,0.723,28300,43,42,14,1,0.9767441860465116,0.75
High Friction,2000,300,0.724,28300,43,42,14,1,0.9767441860465116,0.75
High Friction,2000,300,0.725,28300,43,42,14,1,0.9767441860465116,0.75
High Friction,2000,300,0.726,28300,43,42,14,1,0.9767441860465116,0.75
High Friction,2000,300,0.727,28300,43,42,14,1,0.9767441860465116,0.75
High Friction,2000,300,0.728,28300,43,42,14,1,0.9767441860465116,0.75
High Friction,2000,300,0.729,28300,43,42,14,1,0.9767441860465116,0.75
High Friction,2000,300,0.73,28300,43,42,14,1,0.9767441860465116,0.75
High Friction,2000,300,0.731,28300,43,42,14,1,0.9767441860465116,0.75
High Friction,2000,300,0.732,28300,43,42,14,1,0.9767441860465116,0.75
High Friction,2000,300,0.733,28300,43,42,14,1,0.9767441860465116,0.75
High Friction,2000,300,0.734,28300,43,42,14,1,0.9767441860465116,0.75
High Friction,2000,300,0.735,28300,43,42,14,1,0.9767441860465116,0.75
High Friction,2000,300,0.736,28300,43,42,14,1,0.9767441860465116,0.75
High Friction,2000,300,0.737,28300,43,42,14,1,0.9767441860465116,0.75
High Friction,2000,300,0.738,28300,43,42,14,1,0.9767441860465116,0.75
High Friction,2000,300,0.739,28300,43,42,14,1,0.9767441860465116,0.75
High Friction,2000,300,0.74,28300,43,42,14,1,0.9767441860465116,0.75
High Friction,2000,300,0.741,28300,43,42,14,1,0.9767441860465116,0.75
High Friction,2000,300,0.742,28300,43,42,14,1,0.9767441860465116,0.75
High Friction,2000,300,0.743,28300,43,42,14,1,0.9767441860465116,0.75
High Friction,2000,300,0.744,28300,43,42,14,1,0.9767441860465116,0.75
High Friction,2000,300,0.745,28300,43,42,14,1,0.9767441860465116,0.75
High Friction,2000,300,0.746,28300,43,42,14,1,0.9767441860465116,0.75
High Friction,2000,300,0.747,28300,43,42,14,1,0.9767441860465116,0.75
High Friction,2000,300,0.748,28300,43,42,14,1,0.9767441860465116,0.75
High Friction,2000,300,0.749,28300,43,42,14,1,0.9767441860465116,0.75
High Friction,2000,300,0.75,28300,43,42,14,1,0.9767441860465116,0.75
High Friction,2000,300,0.751,28300,43,42,14,1,0.9767441860465116,0.75
High Friction,2000,300,0.752,28300,43,42,14,1,0.9767441860465116,0.75
High Friction,2000,300,0.753,28300,43,42,14,1,0.9767441860465116,0.75
High Friction,2000,300,0.754,28300,43,42,14,1,0.9767441860465116,0.75
High Friction,2000,300,0.755,28300,43,42,14,1,0.9767441860465116,0.75
High Friction,2000,300,0.756,28300,43,42,14,1,0.9767441860465116,0.75
High Friction,2000,300,0.757,28300,43,42,14,1,0.9767441860465116,0.75
High Friction,2000,300,0.758,28300,43,42,14,1,0.9767441860465116,0.75
High Friction,2000,300,0.759,28300,43,42,14,1,0.9767441860465116,0.75
High Friction,2000,300,0.76,28300,43,42,14,1,0.9767441860465116,0.75
High Friction,2000,300,0.761,28300,43,42,14,1,0.9767441860465116,0.75
High Friction,2000,300,0.762,28300,43,42,14,1,0.9767441860465116,0.75
High Friction,2000,300,0.763,28300,43,42,14,1,0.9767441860465116,0.75
High Friction,2000,300,0.764,28300,43,42,14,1,0.9767441860465116,0.75
High Friction,2000,300,0.765,28300,43,42,14,1,0.9767441860465116,0.75
High Friction,2000,300,0.766,28300,43,42,14,1,0.9767441860465116,0.75
High Friction,2000,300,0.767,28300,43,42,14,1,0.9767441860465116,0.75
High Friction,2000,300,0.768,28300,43,42,14,1,0.9767441860465116,0.75
High Friction,2000,300,0.769,28300,43,42,14,1,0.9767441860465116,0.75
High Friction,2000,300,0.77,28300,43,42,14,1,0.9767441860465116,0.75
High Friction,2000,300,0.771,28300,43,42,14,1,0.9767441860465116,0.75
High Friction,2000,300,0.772,28300,43,42,14,1,0.9767441860465116,0.75
High Friction,2000,300,0.773,28300,43,42,14,1,0.9767441860465116,0.75
High Friction,2000,300,0.774,28300,43,42,14,1,0.9767441860465116,0.75
High Friction,2000,300,0.775,28300,43,42,14,1,0.9767441860465116,0.75
High Friction,2000,300,0.776,28300,43,42,14,1,0.9767441860465116,0.75
High Friction,2000,300,0.777,28300,43,42,14,1,0.9767441860465116,0.75
High Friction,2000,300,0.778,28300,43,42,14,1,0.9767441860465116,0.75
High Friction,2000,300,0.779,28300,43,42,14,1,0.9767441860465116,0.75
High Friction,2000,300,0.78,28300,43,42,14,1,0.9767441860465116,0.75
High Friction,2000,300,0.781,28300,43,42,14,1,0.9767441860465116,0.75
High Friction,2000,300,0.782,28300,43,42,14,1,0.9767441860465116,0.75
High Friction,2000,300,0.783,28300,43,42,14,1,0.9767441860465116,0.75
High Friction,2000,300,0.784,28300,43,42,14,1,0.9767441860465116,0.75
High Friction,2000,300,0.785,28300,43,42,14,1,0.9767441860465116,0.75
High Friction,2000,300,0.786,28300,43,42,14,1,0.9767441860465116,0.75
High Friction,2000,300,0.787,28300,43,42,14,1,0.9767441860465116,0.75
High Friction,2000,300,0.788,28300,43,42,14,1,0.9767441860465116,0.75
High Friction,2000,300,0.789,28300,43,42,14,1,0.9767441860465116,0.75
High Friction,2000,300,0.79,28300,43,42,14,1,0.9767441860465116,0.75
High Friction,2000,300,0.791,28300,43,42,14,1,0.9767441860465116,0.75
High Friction,2000,300,0.792,28300,43,42,14,1,0.9767441860465116,0.75
High Friction,2000,300,0.793,28300,43,42,14,1,0.9767441860465116,0.75
High Friction,2000,300,0.794,28300,43,42,14,1,0.9767441860465116,0.75
High Friction,2000,300,0.795,28300,43,42,14,1,0.9767441860465116,0.75
High Friction,2000,300,0.796,28300,43,42,14,1,0.9767441860465116,0.75
High Friction,2000,300,0.797,28300,43,42,14,1,0.9767441860465116,0.75
High Friction,2000,300,0.798,28300,43,42,14,1,0.9767441860465116,0.75
High Friction,2000,300,0.799,28300,43,42,14,1,0.9767441860465116,0.75
High Friction,2000,300,0.8,28300,43,42,14,1,0.9767441860465116,0.75
High Friction,2000,300,0.801,28300,43,42,14,1,0.9767441860465116,0.75
High Friction,2000,300,0.802,28300,43,42,14,1,0.9767441860465116,0.75
High Friction,2000,300,0.803,28300,43,42,14,1,0.9767441860465116,0.75
High Friction,2000,300,0.804,28300,43,42,14,1,0.9767441860465116,0.75
High Friction,2000,300,0.805,28300,43,42,14,1,0.9767441860465116,0.75
High Friction,2000,300,0.806,28300,43,42,14,1,0.9767441860465116,0.75
High Friction,2000,300,0.807,28300,43,42,14,1,0.9767441860465116,0.75
High Friction,2000,300,0.808,28300,43,42,14,1,0.9767441860465116,0.75
High Friction,2000,300,0.809,28300,43,42,14,1,0.9767441860465116,0.75
High Friction,2000,300,0.81,28300,43,42,14,1,0.9767441860465116,0.75
High Friction,2000,300,0.811,28300,43,42,14,1,0.9767441860465116,0.75
High Friction,2000,300,0.812,28300,43,42,14,1,0.9767441860465116,0.75
High Friction,2000,300,0.8130000000000001,28300,43,42,14,1,0.9767441860465116,0.75
High Friction,2000,300,0.8140000000000001,28300,43,42,14,1,0.9767441860465116,0.75
High Friction,2000,300,0.8150000000000001,28300,43,42,14,1,0.9767441860465116,0.75
High Friction,2000,300,0.8160000000000001,28300,43,42,14,1,0.9767441860465116,0.75
High Friction,2000,300,0.8170000000000001,28300,43,42,14,1,0.9767441860465116,0.75
High Friction,2000,300,0.8180000000000001,28300,43,42,14,1,0.9767441860465116,0.75
High Friction,2000,300,0.8190000000000001,28300,43,42,14,1,0.9767441860465116,0.75
High Friction,2000,300,0.8200000000000001,28300,43,42,14,1,0.9767441860465116,0.75
High Friction,2000,300,0.8210000000000001,28300,43,42,14,1,0.9767441860465116,0.75
High Friction,2000,300,0.8220000000000001,28300,43,42,14,1,0.9767441860465116,0.75
High Friction,2000,300,0.8230000000000001,28300,43,42,14,1,0.9767441860465116,0.75
High Friction,2000,300,0.8240000000000001,28300,43,42,14,1,0.9767441860465116,0.75
High Friction,2000,300,0.8250000000000001,28300,43,42,14,1,0.9767441860465116,0.75
High Friction,2000,300,0.8260000000000001,28300,43,42,14,1,0.9767441860465116,0.75
High Friction,2000,300,0.8270000000000001,28300,43,42,14,1,0.9767441860465116,0.75
High Friction,2000,300,0.8280000000000001,28300,43,42,14,1,0.9767441860465116,0.75
High Friction,2000,300,0.8290000000000001,28300,43,42,14,1,0.9767441860465116,0.75
High Friction,2000,300,0.8300000000000001,28300,43,42,14,1,0.9767441860465116,0.75
High Friction,2000,300,0.8310000000000001,28300,43,42,14,1,0.9767441860465116,0.75
High Friction,2000,300,0.8320000000000001,28300,43,42,14,1,0.9767441860465116,0.75
High Friction,2000,300,0.833,28300,43,42,14,1,0.9767441860465116,0.75
High Friction,2000,300,0.834,28300,43,42,14,1,0.9767441860465116,0.75
High Friction,2000,300,0.835,28300,43,42,14,1,0.9767441860465116,0.75
High Friction,2000,300,0.836,28300,43,42,14,1,0.9767441860465116,0.75
High Friction,2000,300,0.837,28300,43,42,14,1,0.9767441860465116,0.75
High Friction,2000,300,0.838,28300,43,42,14,1,0.9767441860465116,0.75
High Friction,2000,300,0.839,28300,43,42,14,1,0.9767441860465116,0.75
High Friction,2000,300,0.84,28300,43,42,14,1,0.9767441860465116,0.75
High Friction,2000,300,0.841,28300,43,42,14,1,0.9767441860465116,0.75
High Friction,2000,300,0.842,28300,43,42,14,1,0.9767441860465116,0.75
High Friction,2000,300,0.843,28300,43,42,14,1,0.9767441860465116,0.75
High Friction,2000,300,0.844,28300,43,42,14,1,0.9767441860465116,0.75
High Friction,2000,300,0.845,28300,43,42,14,1,0.9767441860465116,0.75
High Friction,2000,300,0.846,28300,43,42,14,1,0.9767441860465116,0.75
High Friction,2000,300,0.847,28300,43,42,14,1,0.9767441860465116,0.75
High Friction,2000,300,0.848,28300,43,42,14,1,0.9767441860465116,0.75
High Friction,2000,300,0.849,28300,43,42,14,1,0.9767441860465116,0.75
High Friction,2000,300,0.85,28300,43,42,14,1,0.9767441860465116,0.75
High Friction,2000,300,0.851,28300,43,42,14,1,0.9767441860465116,0.75
High Friction,2000,300,0.852,28300,43,42,14,1,0.9767441860465116,0.75
High Friction,2000,300,0.853,28300,43,42,14,1,0.9767441860465116,0.75
High Friction,2000,300,0.854,28300,43,42,14,1,0.9767441860465116,0.75
High Friction,2000,300,0.855,28300,43,42,14,1,0.9767441860465116,0.75
High Friction,2000,300,0.856,28300,43,42,14,1,0.9767441860465116,0.75
High Friction,2000,300,0.857,28300,43,42,14,1,0.9767441860465116,0.75
High Friction,2000,300,0.858,28300,43,42,14,1,0.9767441860465116,0.75
High Friction,2000,300,0.859,28300,43,42,14,1,0.9767441860465116,0.75
High Friction,2000,300,0.86,28300,43,42,14,1,0.9767441860465116,0.75
High Friction,2000,300,0.861,28300,43,42,14,1,0.9767441860465116,0.75
High Friction,2000,300,0.862,28300,43,42,14,1,0.9767441860465116,0.75
High Friction,2000,300,0.863,28300,43,42,14,1,0.9767441860465116,0.75
High Friction,2000,300,0.864,28300,43,42,14,1,0.9767441860465116,0.75
High Friction,2000,300,0.865,28300,43,42,14,1,0.9767441860465116,0.75
High Friction,2000,300,0.866,28300,43,42,14,1,0.9767441860465116,0.75
High Friction,2000,300,0.867,28300,43,42,14,1,0.9767441860465116,0.75
High Friction,2000,300,0.868,28300,43,42,14,1,0.9767441860465116,0.75
High Friction,2000,300,0.869,28300,43,42,14,1,0.9767441860465116,0.75
High Friction,2000,300,0.87,28300,43,42,14,1,0.9767441860465116,0.75
High Friction,2000,300,0.871,28300,43,42,14,1,0.9767441860465116,0.75
High Friction,2000,300,0.872,28300,43,42,14,1,0.9767441860465116,0.75
High Friction,2000,300,0.873,28300,43,42,14,1,0.9767441860465116,0.75
High Friction,2000,300,0.874,28300,43,42,14,1,0.9767441860465116,0.75
High Friction,2000,300,0.875,28300,43,42,14,1,0.9767441860465116,0.75
High Friction,2000,300,0.876,28300,43,42,14,1,0.9767441860465116,0.75
High Friction,2000,300,0.877,28300,43,42,14,1,0.9767441860465116,0.75
High Friction,2000,300,0.878,28300,43,42,14,1,0.9767441860465116,0.75
High Friction,2000,300,0.879,28300,43,42,14,1,0.9767441860465116,0.75
High Friction,2000,300,0.88,28300,43,42,14,1,0.9767441860465116,0.75
High Friction,2000,300,0.881,28300,43,42,14,1,0.9767441860465116,0.75
High Friction,2000,300,0.882,28300,43,42,14,1,0.9767441860465116,0.75
High Friction,2000,300,0.883,28300,43,42,14,1,0.9767441860465116,0.75
High Friction,2000,300,0.884,28300,43,42,14,1,0.9767441860465116,0.75
High Friction,2000,300,0.885,28300,43,42,14,1,0.9767441860465116,0.75
High Friction,2000,300,0.886,28300,43,42,14,1,0.9767441860465116,0.75
High Friction,2000,300,0.887,28300,43,42,14,1,0.9767441860465116,0.75
High Friction,2000,300,0.888,28300,43,42,14,1,0.9767441860465116,0.75
High Friction,2000,300,0.889,28300,43,42,14,1,0.9767441860465116,0.75
High Friction,2000,300,0.89,28300,43,42,14,1,0.9767441860465116,0.75
High Friction,2000,300,0.891,28300,43,42,14,1,0.9767441860465116,0.75
High Friction,2000,300,0.892,28300,43,42,14,1,0.9767441860465116,0.75
High Friction,2000,300,0.893,28300,43,42,14,1,0.9767441860465116,0.75
High Friction,2000,300,0.894,28300,43,42,14,1,0.9767441860465116,0.75
High Friction,2000,300,0.895,28300,43,42,14,1,0.9767441860465116,0.75
High Friction,2000,300,0.896,28300,43,42,14,1,0.9767441860465116,0.75
High Friction,2000,300,0.897,28300,43,42,14,1,0.9767441860465116,0.75
High Friction,2000,300,0.898,28300,43,42,14,1,0.9767441860465116,0.75
High Friction,2000,300,0.899,28300,43,42,14,1,0.9767441860465116,0.75
High Friction,2000,300,0.9,28300,43,42,14,1,0.9767441860465116,0.75
High Friction,2000,300,0.901,28300,43,42,14,1,0.9767441860465116,0.75
High Friction,2000,300,0.902,28300,43,42,14,1,0.9767441860465116,0.75
High Friction,2000,300,0.903,28300,43,42,14,1,0.9767441860465116,0.75
High Friction,2000,300,0.904,28300,43,42,14,1,0.9767441860465116,0.75
High Friction,2000,300,0.905,28300,43,42,14,1,0.9767441860465116,0.75
High Friction,2000,300,0.906,28300,43,42,14,1,0.9767441860465116,0.75
High Friction,2000,300,0.907,28300,43,42,14,1,0.9767441860465116,0.75
High Friction,2000,300,0.908,28300,43,42,14,1,0.9767441860465116,0.75
High Friction,2000,300,0.909,28300,43,42,14,1,0.9767441860465116,0.75
High Friction,2000,300,0.91,28300,43,42,14,1,0.9767441860465116,0.75
High Friction,2000,300,0.911,28300,43,42,14,1,0.9767441860465116,0.75
High Friction,2000,300,0.912,28300,43,42,14,1,0.9767441860465116,0.75
High Friction,2000,300,0.913,28300,43,42,14,1,0.9767441860465116,0.75
High Friction,2000,300,0.914,28300,43,42,14,1,0.9767441860465116,0.75
High Friction,2000,300,0.915,28300,43,42,14,1,0.9767441860465116,0.75
High Friction,2000,300,0.916,28300,43,42,14,1,0.9767441860465116,0.75
High Friction,2000,300,0.917,28300,43,42,14,1,0.9767441860465116,0.75
High Friction,2000,300,0.918,28300,43,42,14,1,0.9767441860465116,0.75
High Friction,2000,300,0.919,28300,43,42,14,1,0.9767441860465116,0.75
High Friction,2000,300,0.92,28300,43,42,14,1,0.9767441860465116,0.75
High Friction,2000,300,0.921,28300,43,42,14,1,0.9767441860465116,0.75
High Friction,2000,300,0.922,28300,43,42,14,1,0.9767441860465116,0.75
High Friction,2000,300,0.923,28300,43,42,14,1,0.9767441860465116,0.75
High Friction,2000,300,0.924,28300,43,42,14,1,0.9767441860465116,0.75
High Friction,2000,300,0.925,28300,43,42,14,1,0.9767441860465116,0.75
High Friction,2000,300,0.926,28300,43,42,14,1,0.9767441860465116,0.75
High Friction,2000,300,0.927,28300,43,42,14,1,0.9767441860465116,0.75
High Friction,2000,300,0.928,28300,43,42,14,1,0.9767441860465116,0.75
High Friction,2000,300,0.929,28300,43,42,14,1,0.9767441860465116,0.75
High Friction,2000,300,0.93,28300,43,42,14,1,0.9767441860465116,0.75
High Friction,2000,300,0.931,28300,43,42,14,1,0.9767441860465116,0.75
High Friction,2000,300,0.932,28300,43,42,14,1,0.9767441860465116,0.75
High Friction,2000,300,0.933,28300,43,42,14,1,0.9767441860465116,0.75
High Friction,2000,300,0.934,28300,43,42,14,1,0.9767441860465116,0.75
High Friction,2000,300,0.935,28300,43,42,14,1,0.9767441860465116,0.75
High Friction,2000,300,0.936,28300,43,42,14,1,0.9767441860465116,0.75
High Friction,2000,300,0.937,28300,43,42,14,1,0.9767441860465116,0.75
High Friction,2000,300,0.9380000000000001,28300,43,42,14,1,0.9767441860465116,0.75
High Friction,2000,300,0.9390000000000001,28300,43,42,14,1,0.9767441860465116,0.75
High Friction,2000,300,0.9400000000000001,28300,43,42,14,1,0.9767441860465116,0.75
High Friction,2000,300,0.9410000000000001,28300,43,42,14,1,0.9767441860465116,0.75
High Friction,2000,300,0.9420000000000001,28300,43,42,14,1,0.9767441860465116,0.75
High Friction,2000,300,0.9430000000000001,28300,43,42,14,1,0.9767441860465116,0.75
High Friction,2000,300,0.9440000000000001,28300,43,42,14,1,0.9767441860465116,0.75
High Friction,2000,300,0.9450000000000001,28300,43,42,14,1,0.9767441860465116,0.75
High Friction,2000,300,0.9460000000000001,28300,43,42,14,1,0.9767441860465116,0.75
High Friction,2000,300,0.9470000000000001,28300,43,42,14,1,0.9767441860465116,0.75
High Friction,2000,300,0.9480000000000001,28300,43,42,14,1,0.9767441860465116,0.75
High Friction,2000,300,0.9490000000000001,28300,43,42,14,1,0.9767441860465116,0.75
High Friction,2000,300,0.9500000000000001,28300,43,42,14,1,0.9767441860465116,0.75
High Friction,2000,300,0.9510000000000001,28300,43,42,14,1,0.9767441860465116,0.75
High Friction,2000,300,0.9520000000000001,28300,43,42,14,1,0.9767441860465116,0.75
High Friction,2000,300,0.9530000000000001,28300,43,42,14,1,0.9767441860465116,0.75
High Friction,2000,300,0.9540000000000001,28300,43,42,14,1,0.9767441860465116,0.75
High Friction,2000,300,0.9550000000000001,28300,43,42,14,1,0.9767441860465116,0.75
High Friction,2000,300,0.9560000000000001,28300,43,42,14,1,0.9767441860465116,0.75
High Friction,2000,300,0.9570000000000001,28300,43,42,14,1,0.9767441860465116,0.75
High Friction,2000,300,0.9580000000000001,28300,43,42,14,1,0.9767441860465116,0.75
High Friction,2000,300,0.9590000000000001,28300,43,42,14,1,0.9767441860465116,0.75
High Friction,2000,300,0.96,28300,43,42,14,1,0.9767441860465116,0.75
High Friction,2000,300,0.961,28300,43,42,14,1,0.9767441860465116,0.75
High Friction,2000,300,0.962,28300,43,42,14,1,0.9767441860465116,0.75
High Friction,2000,300,0.963,30300,42,41,15,1,0.9761904761904762,0.7321428571428571
High Friction,2000,300,0.964,30300,42,41,15,1,0.9761904761904762,0.7321428571428571
High Friction,2000,300,0.965,30300,42,41,15,1,0.9761904761904762,0.7321428571428571
High Friction,2000,300,0.966,30300,42,41,15,1,0.9761904761904762,0.7321428571428571
High Friction,2000,300,0.967,30300,42,41,15,1,0.9761904761904762,0.7321428571428571
High Friction,2000,300,0.968,32300,41,40,16,1,0.975609756097561,0.7142857142857143
High Friction,2000,300,0.969,32300,41,40,16,1,0.975609756097561,0.7142857142857143
High Friction,2000,300,0.97,32300,41,40,16,1,0.975609756097561,0.7142857142857143
High Friction,2000,300,0.971,32300,41,40,16,1,0.975609756097561,0.7142857142857143
High Friction,2000,300,0.972,32300,41,40,16,1,0.975609756097561,0.7142857142857143
High Friction,2000,300,0.973,32300,41,40,16,1,0.975609756097561,0.7142857142857143
High Friction,2000,300,0.974,32300,41,40,16,1,0.975609756097561,0.7142857142857143
High Friction,2000,300,0.975,32300,41,40,16,1,0.975609756097561,0.7142857142857143
High Friction,2000,300,0.976,32300,41,40,16,1,0.975609756097561,0.7142857142857143
High Friction,2000,300,0.977,32000,40,40,16,0,1.0,0.7142857142857143
High Friction,2000,300,0.978,32000,40,40,16,0,1.0,0.7142857142857143
High Friction,2000,300,0.979,32000,40,40,16,0,1.0,0.7142857142857143
High Friction,2000,300,0.98,32000,40,40,16,0,1.0,0.7142857142857143
High Friction,2000,300,0.981,32000,40,40,16,0,1.0,0.7142857142857143
High Friction,2000,300,0.982,32000,40,40,16,0,1.0,0.7142857142857143
High Friction,2000,300,0.983,32000,40,40,16,0,1.0,0.7142857142857143
High Friction,2000,300,0.984,32000,40,40,16,0,1.0,0.7142857142857143
High Friction,2000,300,0.985,32000,40,40,16,0,1.0,0.7142857142857143
High Friction,2000,300,0.986,32000,40,40,16,0,1.0,0.7142857142857143
High Friction,2000,300,0.987,32000,40,40,16,0,1.0,0.7142857142857143
High Friction,2000,300,0.988,36000,38,38,18,0,1.0,0.6785714285714286
High Friction,2000,300,0.989,36000,38,38,18,0,1.0,0.6785714285714286
High Friction,2000,300,0.99,36000,38,38,18,0,1.0,0.6785714285714286
High Friction,2000,300,0.991,36000,38,38,18,0,1.0,0.6785714285714286
High Friction,2000,300,0.992,36000,38,38,18,0,1.0,0.6785714285714286
High Friction,2000,300,0.993,36000,38,38,18,0,1.0,0.6785714285714286
High Friction,2000,300,0.994,36000,38,38,18,0,1.0,0.6785714285714286
High Friction,2000,300,0.995,38000,37,37,19,0,1.0,0.6607142857142857
High Friction,2000,300,0.996,38000,37,37,19,0,1.0,0.6607142857142857
High Friction,2000,300,0.997,38000,37,37,19,0,1.0,0.6607142857142857
High Friction,2000,300,0.998,38000,37,37,19,0,1.0,0.6607142857142857
High Friction,2000,300,0.999,40000,36,36,20,0,1.0,0.6428571428571429
